longitude,latitude,class,country,CountryName,year
102.5616851,18.63216609,0,3,Laos PDR,2013
105.2016387,17.76432172,0,3,Laos PDR,2013
102.5942555,18.56022044,0,3,Laos PDR,2013
105.807122,15.10682937,0,3,Laos PDR,2013
102.5610524,18.56022044,0,3,Laos PDR,2013
102.6755725,18.63216609,0,3,Laos PDR,2013
102.7406125,18.58270346,0,3,Laos PDR,2013
102.6410884,18.51975102,0,3,Laos PDR,2013
102.6112046,18.65914571,0,3,Laos PDR,2013
104.6810412,18.32639709,0,3,Laos PDR,2013
102.593771,18.4882748,0,3,Laos PDR,2013
105.1349705,17.75532851,0,3,Laos PDR,2013
102.5338954,18.6411593,0,3,Laos PDR,2013
102.5664591,18.56921365,0,3,Laos PDR,2013
104.7080536,18.30841068,0,3,Laos PDR,2013
105.1138684,17.83177076,0,3,Laos PDR,2013
102.7324835,18.56921365,0,3,Laos PDR,2013
105.1855864,16.0601092,0,3,Laos PDR,2013
105.8603202,14.48180156,0,3,Laos PDR,2013
105.186907,17.75532851,0,3,Laos PDR,2013
105.1685865,17.76432172,0,3,Laos PDR,2013
102.7501004,18.58270346,0,3,Laos PDR,2013
105.9264285,14.79206716,0,3,Laos PDR,2013
104.8466457,16.45131366,0,3,Laos PDR,2013
102.5542685,18.56471705,0,3,Laos PDR,2013
102.6369452,18.56022044,0,3,Laos PDR,2013
105.2836677,17.67888626,0,3,Laos PDR,2013
105.8585301,14.46831175,0,3,Laos PDR,2013
102.711474,18.57371025,0,3,Laos PDR,2013
102.6450625,18.57371025,0,3,Laos PDR,2013
102.6436986,18.58720006,0,3,Laos PDR,2013
104.6952518,18.32639709,0,3,Laos PDR,2013
105.0781514,17.82727416,0,3,Laos PDR,2013
105.1174293,17.81378435,0,3,Laos PDR,2013
105.8986774,14.96293808,0,3,Laos PDR,2013
102.6660819,18.63216609,0,3,Laos PDR,2013
102.5774979,18.4927714,0,3,Laos PDR,2013
104.7114775,18.32190049,0,3,Laos PDR,2013
102.7521511,18.54673064,0,3,Laos PDR,2013
102.7494234,18.57371025,0,3,Laos PDR,2013
102.6221197,18.51975102,0,3,Laos PDR,2013
102.6146198,18.67263552,0,3,Laos PDR,2013
102.6308179,18.60518647,0,3,Laos PDR,2013
104.6735837,18.32190049,0,3,Laos PDR,2013
105.6748882,15.20575464,0,3,Laos PDR,2013
105.6914262,15.19226483,0,3,Laos PDR,2013
105.9310792,14.79206716,0,3,Laos PDR,2013
102.5781427,18.50176461,0,3,Laos PDR,2013
105.1506536,17.74183871,0,3,Laos PDR,2013
102.7167353,18.93343849,0,3,Laos PDR,2013
106.7767417,15.05287013,0,3,Laos PDR,2013
105.3292242,17.65190665,0,3,Laos PDR,2013
102.5318646,18.6456559,0,3,Laos PDR,2013
102.5372965,18.65464911,0,3,Laos PDR,2013
105.7830571,14.0905971,0,3,Laos PDR,2013
102.7711228,18.54673064,0,3,Laos PDR,2013
102.5672596,18.51525441,0,3,Laos PDR,2013
102.5339962,18.70411174,0,3,Laos PDR,2013
102.7277399,18.56921365,0,3,Laos PDR,2013
102.5658654,18.52874422,0,3,Laos PDR,2013
105.1313789,17.77331493,0,3,Laos PDR,2013
102.6742837,18.51975102,0,3,Laos PDR,2013
102.6952444,18.6411593,0,3,Laos PDR,2013
104.9630341,17.94418584,0,3,Laos PDR,2013
105.845913,14.27495782,0,3,Laos PDR,2013
102.5406721,18.63666269,0,3,Laos PDR,2013
102.5800256,18.56022044,0,3,Laos PDR,2013
102.5787051,18.54223403,0,3,Laos PDR,2013
102.533296,18.69511853,0,3,Laos PDR,2013
102.6152311,18.61867628,0,3,Laos PDR,2013
102.6478067,18.54673064,0,3,Laos PDR,2013
102.6634147,18.53324083,0,3,Laos PDR,2013
101.6213752,17.89472321,0,3,Laos PDR,2013
104.6836571,17.53949157,0,3,Laos PDR,2013
105.2579841,17.68338287,0,3,Laos PDR,2013
104.328221,17.84526057,0,3,Laos PDR,2013
105.2061881,17.72385229,0,3,Laos PDR,2013
105.1351675,17.79579794,0,3,Laos PDR,2013
102.5386768,18.67263552,0,3,Laos PDR,2013
102.6823411,18.56471705,0,3,Laos PDR,2013
102.6615528,18.47478499,0,3,Laos PDR,2013
102.7399361,18.57371025,0,3,Laos PDR,2013
102.5691636,18.57371025,0,3,Laos PDR,2013
102.6362807,18.55122724,0,3,Laos PDR,2013
105.7884918,15.10682937,0,3,Laos PDR,2013
102.6497961,18.60518647,0,3,Laos PDR,2013
102.6226897,18.62317289,0,3,Laos PDR,2013
102.5732422,18.56471705,0,3,Laos PDR,2013
102.6166004,18.57371025,0,3,Laos PDR,2013
104.6783204,18.32190049,0,3,Laos PDR,2013
104.6877939,18.32190049,0,3,Laos PDR,2013
102.7189268,18.57820686,0,3,Laos PDR,2013
104.6843718,18.30841068,0,3,Laos PDR,2013
102.5521945,18.63216609,0,3,Laos PDR,2013
105.1632995,17.75532851,0,3,Laos PDR,2013
105.1011879,17.81828096,0,3,Laos PDR,2013
105.1036145,17.78230813,0,3,Laos PDR,2013
102.5367209,18.70860834,0,3,Laos PDR,2013
103.9211097,18.33089369,0,3,Laos PDR,2013
105.1319478,17.78230813,0,3,Laos PDR,2013
102.7176421,18.65464911,0,3,Laos PDR,2013
102.6416638,18.59169666,0,3,Laos PDR,2013
105.9291471,14.77857735,0,3,Laos PDR,2013
102.5746979,18.51975102,0,3,Laos PDR,2013
105.8857446,14.83253659,0,3,Laos PDR,2013
102.6559185,18.56022044,0,3,Laos PDR,2013
102.6491301,18.62766949,0,3,Laos PDR,2013
102.5387435,18.70411174,0,3,Laos PDR,2013
105.8842892,14.88649582,0,3,Laos PDR,2013
105.159143,17.76432172,0,3,Laos PDR,2013
105.2125923,17.75083191,0,3,Laos PDR,2013
105.1718008,17.77781153,0,3,Laos PDR,2013
102.6274586,18.56022044,0,3,Laos PDR,2013
102.6511751,18.56022044,0,3,Laos PDR,2013
102.7528205,18.55572384,0,3,Laos PDR,2013
105.7961745,14.19851557,0,3,Laos PDR,2013
105.2218768,17.71036248,0,3,Laos PDR,2013
102.6714888,18.57820686,0,3,Laos PDR,2013
102.5753503,18.52874422,0,3,Laos PDR,2013
106.7839523,15.03938033,0,3,Laos PDR,2013
102.5869807,18.4927714,0,3,Laos PDR,2013
104.7162143,18.32190049,0,3,Laos PDR,2013
103.775588,18.34888011,0,3,Laos PDR,2013
105.1635029,17.79579794,0,3,Laos PDR,2013
102.7568773,18.57820686,0,3,Laos PDR,2013
105.8521025,14.45482194,0,3,Laos PDR,2013
102.5643941,18.60518647,0,3,Laos PDR,2013
102.5366103,18.6456559,0,3,Laos PDR,2013
102.7121489,18.58270346,0,3,Laos PDR,2013
102.5543359,18.53324083,0,3,Laos PDR,2013
102.5528937,18.57820686,0,3,Laos PDR,2013
105.8991068,14.94495166,0,3,Laos PDR,2013
102.6573587,18.51525441,0,3,Laos PDR,2013
102.6613179,18.60068987,0,3,Laos PDR,2013
102.693911,18.52874422,0,3,Laos PDR,2013
102.7243475,18.58720006,0,3,Laos PDR,2013
102.6247224,18.58720006,0,3,Laos PDR,2013
102.6552218,18.58270346,0,3,Laos PDR,2013
105.1821855,17.75532851,0,3,Laos PDR,2013
105.1470561,17.75982512,0,3,Laos PDR,2013
105.7269238,15.16078861,0,3,Laos PDR,2013
101.8728616,19.41457501,0,3,Laos PDR,2013
102.6281069,18.60068987,0,3,Laos PDR,2013
102.6567059,18.50626121,0,3,Laos PDR,2013
105.883046,14.8460264,0,3,Laos PDR,2013
102.6288591,18.67263552,0,3,Laos PDR,2013
102.8108733,18.83900983,0,3,Laos PDR,2013
104.0125209,18.28592766,0,3,Laos PDR,2013
102.5786356,18.63666269,0,3,Laos PDR,2013
105.8442272,14.21200538,0,3,Laos PDR,2013
102.695236,18.54673064,0,3,Laos PDR,2013
102.69999,18.6411593,0,3,Laos PDR,2013
105.2428411,17.70586588,0,3,Laos PDR,2013
103.848076,18.30391408,0,3,Laos PDR,2013
105.1091449,17.83177076,0,3,Laos PDR,2013
102.7480773,18.55572384,0,3,Laos PDR,2013
105.6960857,15.19226483,0,3,Laos PDR,2013
102.6674433,18.55572384,0,3,Laos PDR,2013
102.5970189,18.53324083,0,3,Laos PDR,2013
102.6965611,18.59619327,0,3,Laos PDR,2013
102.7424925,18.92894189,0,3,Laos PDR,2013
102.6674188,18.58720006,0,3,Laos PDR,2013
104.9426794,17.95767565,0,3,Laos PDR,2013
102.628835,18.54673064,0,3,Laos PDR,2013
105.1227326,17.82277756,0,3,Laos PDR,2013
105.9080983,14.70663171,0,3,Laos PDR,2013
105.7294992,15.1472988,0,3,Laos PDR,2013
102.6091782,18.66364231,0,3,Laos PDR,2013
102.6484426,18.58720006,0,3,Laos PDR,2013
102.6403188,18.57371025,0,3,Laos PDR,2013
105.8563868,14.46381515,0,3,Laos PDR,2013
102.6267783,18.6456559,0,3,Laos PDR,2013
105.1240126,17.76881832,0,3,Laos PDR,2013
105.073428,17.82727416,0,3,Laos PDR,2013
102.541356,18.6456559,0,3,Laos PDR,2013
104.2170605,17.99364847,0,3,Laos PDR,2013
105.1381782,17.76881832,0,3,Laos PDR,2013
105.2077158,17.71036248,0,3,Laos PDR,2013
105.1431164,17.80928775,0,3,Laos PDR,2013
105.1438518,17.74633531,0,3,Laos PDR,2013
105.1712312,17.76881832,0,3,Laos PDR,2013
105.9048553,14.81455018,0,3,Laos PDR,2013
102.795378,18.85249964,0,3,Laos PDR,2013
102.6870725,18.59619327,0,3,Laos PDR,2013
102.660714,18.52874422,0,3,Laos PDR,2013
102.6925324,18.54223403,0,3,Laos PDR,2013
105.8640616,14.28395103,0,3,Laos PDR,2013
102.6763269,18.51525441,0,3,Laos PDR,2013
105.175953,17.76881832,0,3,Laos PDR,2013
105.2334007,17.70586588,0,3,Laos PDR,2013
102.6891216,18.56022044,0,3,Laos PDR,2013
102.6194222,18.51525441,0,3,Laos PDR,2013
105.0822952,17.81828096,0,3,Laos PDR,2013
102.5488021,18.61867628,0,3,Laos PDR,2013
103.8060486,18.3443835,0,3,Laos PDR,2013
105.6503228,15.28669349,0,3,Laos PDR,2013
105.1295269,17.81828096,0,3,Laos PDR,2013
105.2120285,17.74183871,0,3,Laos PDR,2013
105.8581748,14.47730496,0,3,Laos PDR,2013
102.6823464,18.62766949,0,3,Laos PDR,2013
102.7432706,18.93793509,1,3,Laos PDR,2013
105.2617219,17.70586588,1,3,Laos PDR,2013
105.3751934,16.25795973,1,3,Laos PDR,2013
101.228705,21.2312026,2,3,Laos PDR,2013
106.4551872,16.87399433,2,3,Laos PDR,2013
105.4083857,17.38211047,2,3,Laos PDR,2013
103.2442611,19.32913955,2,3,Laos PDR,2013
103.9309875,18.85249964,2,3,Laos PDR,2013
102.0657395,22.42280239,2,3,Laos PDR,2013
102.5305533,20.1565145,2,3,Laos PDR,2013
106.95683,15.0034075,2,3,Laos PDR,2013
106.1600762,16.70762002,2,3,Laos PDR,2013
102.7370557,18.40283934,2,3,Laos PDR,2013
100.2418605,20.49825632,2,3,Laos PDR,2013
105.5986475,17.45855272,2,3,Laos PDR,2013
102.7520804,20.25993636,2,3,Laos PDR,2013
103.2688903,19.38309879,2,3,Laos PDR,2013
102.0518021,20.7635559,2,3,Laos PDR,2013
102.1805701,20.25094316,2,3,Laos PDR,2013
102.1905352,19.29766333,2,3,Laos PDR,2013
101.4147245,18.84800303,2,3,Laos PDR,2013
101.0304447,21.09630451,2,3,Laos PDR,2013
102.5946244,19.00538414,2,3,Laos PDR,2013
101.3251376,18.82552002,2,3,Laos PDR,2013
102.7543419,20.79952872,2,3,Laos PDR,2013
101.5148068,19.14477883,2,3,Laos PDR,2013
102.906764,20.96590303,2,3,Laos PDR,2013
102.7856411,18.96041811,2,3,Laos PDR,2013
103.3101427,19.29766333,2,3,Laos PDR,2013
104.1398338,18.9514249,2,3,Laos PDR,2013
104.6160168,18.65464911,2,3,Laos PDR,2013
102.3446258,20.57020197,2,3,Laos PDR,2013
103.3679515,20.65563742,2,3,Laos PDR,2013
102.5142395,21.27616863,2,3,Laos PDR,2013
102.0492422,20.55221556,2,3,Laos PDR,2013
104.1813339,19.13128902,2,3,Laos PDR,2013
101.7183002,20.34986842,2,3,Laos PDR,2013
104.6783206,18.74008456,2,3,Laos PDR,2013
102.5356392,18.9559215,2,3,Laos PDR,2013
106.0106729,17.32365463,2,3,Laos PDR,2013
105.81954,16.62668117,2,3,Laos PDR,2013
105.8819866,17.46754592,2,3,Laos PDR,2013
101.4190596,18.96491471,2,3,Laos PDR,2013
105.6051423,15.80829943,2,3,Laos PDR,2013
102.7288344,18.42082575,2,3,Laos PDR,2013
102.5496686,19.95866397,2,3,Laos PDR,2013
104.2121385,20.59718159,2,3,Laos PDR,2013
105.8524015,15.17877502,2,3,Laos PDR,2013
101.7412772,20.56570536,2,3,Laos PDR,2013
101.0955477,17.75083191,2,3,Laos PDR,2013
102.5114603,21.10529772,2,3,Laos PDR,2013
101.8348265,19.94067755,2,3,Laos PDR,2013
100.6675479,20.20148053,2,3,Laos PDR,2013
104.7561495,17.65640325,2,3,Laos PDR,2013
104.8652687,20.18799072,2,3,Laos PDR,2013
102.9032421,19.30215993,2,3,Laos PDR,2013
104.5714083,18.71310494,2,3,Laos PDR,2013
101.6149848,18.73109136,2,3,Laos PDR,2013
101.8800505,21.10529772,2,3,Laos PDR,2013
102.7236074,20.39033785,2,3,Laos PDR,2013
106.3552993,16.57721854,2,3,Laos PDR,2013
106.8043304,14.83703319,2,3,Laos PDR,2013
103.9380451,18.82552002,2,3,Laos PDR,2013
107.0549153,15.56997947,2,3,Laos PDR,2013
102.9599994,21.09180791,2,3,Laos PDR,2013
106.0765798,14.53576079,2,3,Laos PDR,2013
105.5034592,14.46381515,2,3,Laos PDR,2013
103.7455888,20.30490239,2,3,Laos PDR,2013
104.8369829,19.98114698,2,3,Laos PDR,2013
101.252533,20.94791662,2,3,Laos PDR,2013
102.4464501,18.61417968,2,3,Laos PDR,2013
100.86756,21.31663806,2,3,Laos PDR,2013
107.1101415,15.82628584,2,3,Laos PDR,2013
107.3788902,15.12031918,2,3,Laos PDR,2013
106.608139,15.3001833,2,3,Laos PDR,2013
104.0116248,19.56745951,2,3,Laos PDR,2013
105.0605493,17.77331493,2,3,Laos PDR,2013
103.9582501,19.20773127,2,3,Laos PDR,2013
102.3797578,20.98388944,2,3,Laos PDR,2013
103.439659,18.91095548,2,3,Laos PDR,2013
102.4848443,19.74732363,2,3,Laos PDR,2013
105.6603642,17.54848478,2,3,Laos PDR,2013
103.0292735,18.51075781,2,3,Laos PDR,2013
106.6024972,15.74085039,2,3,Laos PDR,2013
103.0570993,20.98838604,2,3,Laos PDR,2013
102.796773,20.36335823,2,3,Laos PDR,2013
106.4506951,15.47555081,2,3,Laos PDR,2013
102.2450906,20.09356205,2,3,Laos PDR,2013
106.091275,16.53225251,2,3,Laos PDR,2013
104.6522989,17.8902266,2,3,Laos PDR,2013
101.8314681,21.11878753,2,3,Laos PDR,2013
100.767367,21.17724337,2,3,Laos PDR,2013
100.7285781,21.09180791,2,3,Laos PDR,2013
100.6342283,19.91819454,2,3,Laos PDR,2013
106.6490499,14.81455018,2,3,Laos PDR,2013
100.8314793,21.28516184,2,3,Laos PDR,2013
104.2172913,20.38584125,2,3,Laos PDR,2013
104.2938893,18.01163488,2,3,Laos PDR,2013
106.1366441,14.544754,2,3,Laos PDR,2013
100.669278,21.13227734,2,3,Laos PDR,2013
101.9228042,20.44879369,2,3,Laos PDR,2013
105.6116928,17.35063425,2,3,Laos PDR,2013
101.0367851,21.36610069,2,3,Laos PDR,2013
105.9655228,15.24622406,2,3,Laos PDR,2013
106.5194846,16.41534083,2,3,Laos PDR,2013
101.9648281,20.43980048,2,3,Laos PDR,2013
104.0973622,20.30040579,2,3,Laos PDR,2013
105.9375337,15.10682937,2,3,Laos PDR,2013
103.5236813,20.50275292,2,3,Laos PDR,2013
100.5926563,21.03335207,2,3,Laos PDR,2013
106.1248473,14.61669965,2,3,Laos PDR,2013
101.6695094,19.5539697,2,3,Laos PDR,2013
105.5262762,14.36488988,2,3,Laos PDR,2013
104.3035616,18.84800303,2,3,Laos PDR,2013
101.7895546,20.02611301,2,3,Laos PDR,2013
103.1578087,20.66463063,2,3,Laos PDR,2013
105.5571039,16.9819128,2,3,Laos PDR,2013
106.0002545,16.46030686,2,3,Laos PDR,2013
107.2699317,16.04661939,2,3,Laos PDR,2013
101.6505559,20.10705186,2,3,Laos PDR,2013
107.0932465,15.76783001,2,3,Laos PDR,2013
104.5794441,17.66089985,2,3,Laos PDR,2013
103.8153313,18.72659475,2,3,Laos PDR,2013
105.451311,17.75532851,2,3,Laos PDR,2013
105.4617012,18.10606355,2,3,Laos PDR,2013
101.6580319,20.08906545,2,3,Laos PDR,2013
103.8754243,20.78603891,2,3,Laos PDR,2013
103.9597825,20.18799072,2,3,Laos PDR,2013
100.1471152,20.34537182,2,3,Laos PDR,2013
105.8592918,16.05111599,2,3,Laos PDR,2013
106.4219201,15.10682937,2,3,Laos PDR,2013
104.8447967,20.02161641,2,3,Laos PDR,2013
102.5598063,18.84800303,2,3,Laos PDR,2013
101.3726336,19.26169051,2,3,Laos PDR,2013
103.0098607,20.21497033,2,3,Laos PDR,2013
101.8488408,20.66912723,2,3,Laos PDR,2013
104.7970383,17.66989306,2,3,Laos PDR,2013
101.7001497,20.86248116,2,3,Laos PDR,2013
106.8960497,15.17877502,2,3,Laos PDR,2013
102.6436118,21.33012787,2,3,Laos PDR,2013
104.0735199,19.19424146,2,3,Laos PDR,2013
105.4085295,14.25247481,2,3,Laos PDR,2013
104.9677859,16.93694678,2,3,Laos PDR,2013
101.3872097,18.98290112,2,3,Laos PDR,2013
106.7112541,15.07085655,2,3,Laos PDR,2013
106.8221273,15.74984359,2,3,Laos PDR,2013
102.3372915,18.6456559,2,3,Laos PDR,2013
104.3276145,19.83275908,2,3,Laos PDR,2013
104.4007178,19.80577946,2,3,Laos PDR,2013
101.7724798,20.58369178,2,3,Laos PDR,2013
102.6612988,19.67987458,2,3,Laos PDR,2013
102.2463736,19.83725569,2,3,Laos PDR,2013
106.3103098,16.70762002,2,3,Laos PDR,2013
107.2823192,15.94769412,2,3,Laos PDR,2013
100.5318655,20.43530388,2,3,Laos PDR,2013
102.7171098,20.32288881,2,3,Laos PDR,2013
102.6295809,19.07732978,2,3,Laos PDR,2013
101.1973733,20.08007225,2,3,Laos PDR,2013
102.4975477,20.51174613,2,3,Laos PDR,2013
105.0200601,18.55572384,2,3,Laos PDR,2013
102.5903027,20.97489623,2,3,Laos PDR,2013
101.7280073,19.99014019,2,3,Laos PDR,2013
106.329262,15.50253043,2,3,Laos PDR,2013
106.4741483,14.66616228,2,3,Laos PDR,2013
105.9888753,16.47379667,2,3,Laos PDR,2013
106.0032605,14.50878118,2,3,Laos PDR,2013
106.4720521,16.18151748,2,3,Laos PDR,2013
103.3204178,19.50900367,2,3,Laos PDR,2013
104.5138474,18.21398202,2,3,Laos PDR,2013
106.9527575,15.11582258,2,3,Laos PDR,2013
103.7177816,19.58544592,2,3,Laos PDR,2013
102.8808863,18.55572384,2,3,Laos PDR,2013
102.8220527,18.65464911,2,3,Laos PDR,2013
103.5616562,19.74282702,2,3,Laos PDR,2013
106.8681994,15.56997947,2,3,Laos PDR,2013
101.359107,18.08807713,2,3,Laos PDR,2013
101.8260028,19.90470473,2,3,Laos PDR,2013
104.7513291,18.68162872,2,3,Laos PDR,2013
102.7509047,18.88847246,2,3,Laos PDR,2013
105.8933916,17.33264784,2,3,Laos PDR,2013
102.7151449,21.5279784,2,3,Laos PDR,2013
103.1065934,18.59169666,2,3,Laos PDR,2013
102.4166893,19.36960898,2,3,Laos PDR,2013
103.8581984,19.94067755,2,3,Laos PDR,2013
102.0637958,18.53773743,2,3,Laos PDR,2013
102.7929555,19.27068371,2,3,Laos PDR,2013
102.3610436,18.61417968,2,3,Laos PDR,2013
107.10217,14.73361132,2,3,Laos PDR,2013
100.6718164,20.11154847,2,3,Laos PDR,2013
105.7642974,14.850523,2,3,Laos PDR,2013
102.0612119,21.32563127,2,3,Laos PDR,2013
102.8226886,19.08182639,2,3,Laos PDR,2013
101.8077831,20.85798456,2,3,Laos PDR,2013
106.5484869,14.83703319,2,3,Laos PDR,2013
102.6742655,20.95690982,2,3,Laos PDR,2013
103.01652,20.58369178,2,3,Laos PDR,2013
104.0478637,20.34087522,2,3,Laos PDR,2013
104.9987024,17.87673679,2,3,Laos PDR,2013
101.9167873,19.2482007,2,3,Laos PDR,2013
101.4565802,20.62865781,2,3,Laos PDR,2013
102.8739974,18.96491471,2,3,Laos PDR,2013
106.5246796,15.08884296,2,3,Laos PDR,2013
103.4768614,18.7940438,2,3,Laos PDR,2013
101.4787568,18.43881216,4,3,Laos PDR,2013
106.1589621,15.49803383,4,3,Laos PDR,2013
106.8694542,14.83703319,4,3,Laos PDR,2013
105.8093327,14.74260453,4,3,Laos PDR,2013
106.3011923,15.52051684,4,3,Laos PDR,2013
105.4634961,16.35238839,4,3,Laos PDR,2013
106.6585766,15.41709497,4,3,Laos PDR,2013
103.7044834,19.59443913,4,3,Laos PDR,2013
106.7299629,15.23723086,4,3,Laos PDR,2013
105.7188066,14.81455018,4,3,Laos PDR,2013
106.7816288,15.20125803,4,3,Laos PDR,2013
105.9391471,15.6149455,4,3,Laos PDR,2013
106.4249336,15.73185718,4,3,Laos PDR,2013
106.6092203,15.66440814,4,3,Laos PDR,2013
106.7854469,15.28219689,4,3,Laos PDR,2013
106.0628275,15.65541493,4,3,Laos PDR,2013
105.6391785,16.2174903,4,3,Laos PDR,2013
106.4480963,15.65991153,4,3,Laos PDR,2013
106.9179329,14.75609434,4,3,Laos PDR,2013
106.7223147,15.3046799,4,3,Laos PDR,2013
105.9751967,15.42159158,4,3,Laos PDR,2013
106.7028231,15.43058478,4,3,Laos PDR,2013
106.0148828,15.41709497,4,3,Laos PDR,2013
104.8651072,17.19774975,4,3,Laos PDR,2013
105.9273075,13.95120241,4,3,Laos PDR,2013
106.6958474,15.42608818,4,3,Laos PDR,2013
105.5442554,16.40634763,4,3,Laos PDR,2013
105.7839263,14.53576079,4,3,Laos PDR,2013
105.5418169,16.40185102,4,3,Laos PDR,2013
105.9365449,15.03938033,4,3,Laos PDR,2013
106.0138186,15.63293192,4,3,Laos PDR,2013
106.1843583,15.73635378,4,3,Laos PDR,2013
106.1373097,16.01963977,4,3,Laos PDR,2013
106.2641359,15.81729264,4,3,Laos PDR,2013
106.5395824,14.73361132,4,3,Laos PDR,2013
105.9680806,14.98092449,4,3,Laos PDR,2013
106.3220077,15.65991153,4,3,Laos PDR,2013
106.0981668,15.52501345,4,3,Laos PDR,2013
106.3546858,15.6059523,4,3,Laos PDR,2013
105.8622864,15.56548287,4,3,Laos PDR,2013
105.7677438,16.20400049,4,3,Laos PDR,2013
106.1425632,15.51152364,4,3,Laos PDR,2013
105.9963261,16.15004126,4,3,Laos PDR,2013
105.6344955,16.2174903,4,3,Laos PDR,2013
101.7894845,19.36511237,4,3,Laos PDR,2013
106.4376794,14.57173362,4,3,Laos PDR,2013
105.4368764,15.78131981,4,3,Laos PDR,2013
105.9675816,14.90448224,4,3,Laos PDR,2013
106.2450904,15.73635378,4,3,Laos PDR,2013
105.497595,16.13655145,4,3,Laos PDR,2013
106.920754,14.94045506,4,3,Laos PDR,2013
106.6888204,14.90448224,4,3,Laos PDR,2013
105.947115,15.94319752,4,3,Laos PDR,2013
106.0806857,14.07261069,4,3,Laos PDR,2013
104.8390256,17.19325314,4,3,Laos PDR,2013
105.9164971,15.47105421,4,3,Laos PDR,2013
105.8658785,15.39011536,4,3,Laos PDR,2013
105.6755933,16.14554465,4,3,Laos PDR,2013
105.82413,14.71562491,4,3,Laos PDR,2013
101.6672567,18.26794125,4,3,Laos PDR,2013
105.9958133,15.47105421,4,3,Laos PDR,2013
106.7893706,15.38112215,4,3,Laos PDR,2013
106.4414284,14.59871324,4,3,Laos PDR,2013
106.7758895,15.3091765,4,3,Laos PDR,2013
107.1389168,14.75159774,4,3,Laos PDR,2013
105.8459694,15.56098627,4,3,Laos PDR,2013
106.122269,14.77408075,4,3,Laos PDR,2013
100.19077,20.55221556,4,3,Laos PDR,2013
106.1567009,15.48454402,4,3,Laos PDR,2013
105.9271831,15.32716292,4,3,Laos PDR,2013
106.0973927,16.00614996,4,3,Laos PDR,2013
105.434455,16.14104805,4,3,Laos PDR,2013
106.5957994,15.38561875,4,3,Laos PDR,2013
105.4098745,16.47829327,4,3,Laos PDR,2013
105.6881392,16.20400049,4,3,Laos PDR,2013
105.9384103,15.06186334,4,3,Laos PDR,2013
105.6716816,16.19950389,4,3,Laos PDR,2013
104.2052359,18.02962129,4,3,Laos PDR,2013
106.1097563,14.80555697,4,3,Laos PDR,2013
106.1306035,15.72286398,4,3,Laos PDR,2013
101.5009471,18.45230197,4,3,Laos PDR,2013
106.1702833,15.70937417,4,3,Laos PDR,2013
106.0584774,15.52951005,4,3,Laos PDR,2013
105.8486257,15.50253043,4,3,Laos PDR,2013
106.3990472,15.64642173,4,3,Laos PDR,2013
105.7879527,14.37837969,4,3,Laos PDR,2013
105.7823823,16.23997332,4,3,Laos PDR,2013
106.4315493,14.61669965,4,3,Laos PDR,2013
107.1386738,14.86401281,4,3,Laos PDR,2013
106.0170344,15.43957799,4,3,Laos PDR,2013
105.8756861,15.34514933,4,3,Laos PDR,2013
106.3149931,15.61944211,4,3,Laos PDR,2013
106.8920822,15.12481578,4,3,Laos PDR,2013
106.3906412,15.86225867,4,3,Laos PDR,2013
105.7883272,15.97017714,4,3,Laos PDR,2013
104.8890323,17.20674295,4,3,Laos PDR,2013
106.649717,15.34514933,4,3,Laos PDR,2013
105.8689569,15.32266631,4,3,Laos PDR,2013
106.0838896,15.72286398,4,3,Laos PDR,2013
106.311323,14.59871324,4,3,Laos PDR,2013
105.8728559,15.21025124,4,3,Laos PDR,2013
106.4364043,15.64642173,4,3,Laos PDR,2013
102.3387211,18.29042427,4,3,Laos PDR,2013
105.78287,14.6976385,4,3,Laos PDR,2013
106.897525,15.07085655,4,3,Laos PDR,2013
105.760213,15.01240071,4,3,Laos PDR,2013
106.1679267,15.69588436,4,3,Laos PDR,2013
106.7143252,15.47105421,4,3,Laos PDR,2013
105.881472,15.47555081,4,3,Laos PDR,2013
105.8956157,15.10682937,4,3,Laos PDR,2013
105.9395933,15.50702703,4,3,Laos PDR,2013
105.5733871,15.99715676,4,3,Laos PDR,2013
105.8411622,16.25346313,4,3,Laos PDR,2013
105.8960635,15.40360517,4,3,Laos PDR,2013
106.3056773,15.67340134,4,3,Laos PDR,2013
105.9842441,15.4575644,4,3,Laos PDR,2013
106.7661649,15.36313574,4,3,Laos PDR,2013
105.8911051,14.52676759,4,3,Laos PDR,2013
105.9470318,14.98542109,4,3,Laos PDR,2013
106.9068757,14.82803999,4,3,Laos PDR,2013
106.0372579,15.58796589,4,3,Laos PDR,2013
105.9973889,13.98267863,4,3,Laos PDR,2013
106.4621615,15.68689115,4,3,Laos PDR,2013
104.8826034,16.68963361,4,3,Laos PDR,2013
106.2755023,15.74984359,4,3,Laos PDR,2013
105.8923562,15.71387077,4,3,Laos PDR,2013
106.8548185,15.12481578,4,3,Laos PDR,2013
106.781845,15.18327162,4,3,Laos PDR,2013
106.8207564,14.73810793,4,3,Laos PDR,2013
102.2711563,19.94967076,4,3,Laos PDR,2013
107.0090052,14.83703319,4,3,Laos PDR,2013
105.9883272,14.82354338,4,3,Laos PDR,2013
106.1847466,15.47555081,4,3,Laos PDR,2013
106.8665259,15.12031918,4,3,Laos PDR,2013
106.8165904,14.72012152,4,3,Laos PDR,2013
105.290814,17.4315731,4,3,Laos PDR,2013
101.4776052,20.03960282,4,3,Laos PDR,2013
105.0218553,16.41983743,4,3,Laos PDR,2013
106.2871991,15.7543402,4,3,Laos PDR,2013
105.4940365,16.56372873,4,3,Laos PDR,2013
105.3796807,16.6716472,4,3,Laos PDR,2013
106.6585178,14.72012152,4,3,Laos PDR,2013
106.4507216,14.59871324,4,3,Laos PDR,2013
104.7916643,16.71211663,4,3,Laos PDR,2013
106.1144767,16.33440198,4,3,Laos PDR,2013
106.2265684,15.78131981,4,3,Laos PDR,2013
106.3389129,15.81729264,4,3,Laos PDR,2013
105.9530753,15.66890474,4,3,Laos PDR,2013
106.7731308,15.36763234,4,3,Laos PDR,2013
106.2742144,15.9162179,4,3,Laos PDR,2013
104.8939696,16.58171514,4,3,Laos PDR,2013
106.7608769,15.51602024,4,3,Laos PDR,2013
105.9547415,14.95394487,4,3,Laos PDR,2013
105.8859016,15.51152364,4,3,Laos PDR,2013
105.9791019,14.90897884,4,3,Laos PDR,2013
102.6715771,18.67263552,4,3,Laos PDR,2013
106.0184575,15.66890474,4,3,Laos PDR,2013
105.7486506,14.82803999,4,3,Laos PDR,2013
106.7151347,15.32716292,4,3,Laos PDR,2013
105.9566166,15.41259837,4,3,Laos PDR,2013
104.8834496,17.1303007,4,3,Laos PDR,2013
102.2663726,19.94967076,4,3,Laos PDR,2013
105.6881955,16.01963977,4,3,Laos PDR,2013
105.4775099,17.30566822,4,3,Laos PDR,2013
106.079827,16.35688499,4,3,Laos PDR,2013
105.9859701,14.91347544,4,3,Laos PDR,2013
106.0581577,15.65541493,4,3,Laos PDR,2013
105.8804508,14.77408075,4,3,Laos PDR,2013
106.8643883,15.10682937,4,3,Laos PDR,2013
105.9601293,15.62843531,4,3,Laos PDR,2013
105.6359745,14.51777438,4,3,Laos PDR,2013
105.8842775,14.2479782,4,3,Laos PDR,2013
106.7947698,15.28219689,4,3,Laos PDR,2013
106.9717916,14.83703319,4,3,Laos PDR,2013
106.4553682,14.59871324,4,3,Laos PDR,2013
106.4528979,14.60320984,4,3,Laos PDR,2013
106.8408311,14.68414869,4,3,Laos PDR,2013
103.9945769,19.43705802,4,3,Laos PDR,2013
105.8978344,15.47105421,4,3,Laos PDR,2013
105.8316813,14.33341366,4,3,Laos PDR,2013
105.4867481,15.98366695,4,3,Laos PDR,2013
106.4572528,14.61220304,4,3,Laos PDR,2013
106.4739342,15.71836737,4,3,Laos PDR,2013
106.2288394,15.52501345,4,3,Laos PDR,2013
103.8759076,19.65289496,4,3,Laos PDR,2013
106.4226609,15.48454402,4,3,Laos PDR,2013
105.8444882,14.66166568,4,3,Laos PDR,2013
105.730304,14.81904678,4,3,Laos PDR,2013
105.9967305,15.36313574,4,3,Laos PDR,2013
106.0125888,15.41259837,4,3,Laos PDR,2013
106.9571184,14.76958415,4,3,Laos PDR,2013
106.4971791,15.68239455,4,3,Laos PDR,2013
105.9701051,14.9944143,4,3,Laos PDR,2013
103.7742068,18.39384613,4,3,Laos PDR,2013
106.3411202,15.79480962,4,3,Laos PDR,2013
103.2182858,19.46853424,4,3,Laos PDR,2013
105.6876665,14.8460264,4,3,Laos PDR,2013
105.5609159,15.86675527,4,3,Laos PDR,2013
106.116722,16.32990538,4,3,Laos PDR,2013
102.1072263,18.29941747,4,3,Laos PDR,2013
106.7941299,14.77857735,5,3,Laos PDR,2013
102.2673572,20.36785483,5,3,Laos PDR,2013
104.8241715,17.91720622,5,3,Laos PDR,2013
106.1165339,15.67789795,5,3,Laos PDR,2013
106.826998,15.11582258,5,3,Laos PDR,2013
105.9197079,16.5187627,5,3,Laos PDR,2013
106.3926879,15.82178924,5,3,Laos PDR,2013
104.8557849,17.70586588,5,3,Laos PDR,2013
100.9199965,17.59794741,5,3,Laos PDR,2013
105.6260499,14.80555697,5,3,Laos PDR,2013
105.5372213,16.59970155,5,3,Laos PDR,2013
104.4602456,17.98915187,5,3,Laos PDR,2013
105.7515792,16.04212279,5,3,Laos PDR,2013
106.2273034,15.89823149,5,3,Laos PDR,2013
106.4957959,14.72012152,5,3,Laos PDR,2013
104.6645741,17.82277756,5,3,Laos PDR,2013
105.9147427,16.17252427,5,3,Laos PDR,2013
104.7955692,17.76432172,5,3,Laos PDR,2013
104.5235852,17.87224019,5,3,Laos PDR,2013
105.0728337,17.62492703,5,3,Laos PDR,2013
106.2063759,15.9117213,5,3,Laos PDR,2013
106.7915347,15.41259837,5,3,Laos PDR,2013
104.6991613,17.80928775,5,3,Laos PDR,2013
105.2003593,17.70586588,5,3,Laos PDR,2013
105.7438989,14.43233893,5,3,Laos PDR,2013
105.2841026,17.56647119,5,3,Laos PDR,2013
104.4466169,18.10156694,5,3,Laos PDR,2013
105.0761379,17.4270765,5,3,Laos PDR,2013
105.6055668,15.9162179,5,3,Laos PDR,2013
105.9911021,15.88474168,5,3,Laos PDR,2013
106.3290087,15.65541493,5,3,Laos PDR,2013
105.5428109,15.97467374,5,3,Laos PDR,2013
105.8417386,17.4225799,5,3,Laos PDR,2013
104.571221,17.84076397,5,3,Laos PDR,2013
106.5349811,14.81904678,5,3,Laos PDR,2013
105.2781128,17.45855272,5,3,Laos PDR,2013
105.2865781,17.44056631,5,3,Laos PDR,2013
105.0838487,17.61143722,5,3,Laos PDR,2013
104.8459582,17.5754644,5,3,Laos PDR,2013
105.3942911,16.76607586,5,3,Laos PDR,2013
106.1758736,15.89823149,5,3,Laos PDR,2013
104.5097225,18.05660091,5,3,Laos PDR,2013
105.3068813,17.46754592,5,3,Laos PDR,2013
104.5137676,17.90371641,5,3,Laos PDR,2013
106.1079803,15.88474168,5,3,Laos PDR,2013
105.796718,17.41808329,5,3,Laos PDR,2013
106.8434537,15.31367311,5,3,Laos PDR,2013
106.2108375,16.09608202,5,3,Laos PDR,2013
106.4990378,14.68864529,5,3,Laos PDR,2013
105.7969654,14.0905971,5,3,Laos PDR,2013
106.414158,14.51327778,5,3,Laos PDR,2013
101.5350708,17.86774359,5,3,Laos PDR,2013
105.7517499,16.46030686,5,3,Laos PDR,2013
101.4001215,20.1565145,5,3,Laos PDR,2013
105.5874364,16.45131366,5,3,Laos PDR,2013
101.3097278,19.97215377,5,3,Laos PDR,2013
104.7672388,17.76432172,5,3,Laos PDR,2013
102.0928185,22.38682956,5,3,Laos PDR,2013
106.4207299,15.82178924,5,3,Laos PDR,2013
102.9359175,19.50450707,5,3,Laos PDR,2013
102.9095543,17.98915187,5,3,Laos PDR,2013
105.8750158,16.17702087,5,3,Laos PDR,2013
104.7066159,17.92619943,5,3,Laos PDR,2013
106.7990492,14.97642788,5,3,Laos PDR,2013
101.4994372,18.31290728,5,3,Laos PDR,2013
104.6738513,17.89472321,5,3,Laos PDR,2013
105.26788,17.65190665,5,3,Laos PDR,2013
106.2427008,15.56997947,5,3,Laos PDR,2013
105.5959536,14.80106037,5,3,Laos PDR,2013
104.6624919,17.82727416,5,3,Laos PDR,2013
106.3090107,15.88474168,5,3,Laos PDR,2013
105.8719576,15.50253043,5,3,Laos PDR,2013
105.9404589,15.98366695,5,3,Laos PDR,2013
103.5659594,19.69786099,5,3,Laos PDR,2013
106.1585981,15.70487756,5,3,Laos PDR,2013
105.8813483,15.49353722,5,3,Laos PDR,2013
104.6403534,18.29042427,5,3,Laos PDR,2013
105.8767136,14.07261069,5,3,Laos PDR,2013
105.1053383,17.61593382,5,3,Laos PDR,2013
105.4845358,17.44056631,5,3,Laos PDR,2013
103.8291314,20.55671216,5,3,Laos PDR,2013
106.4609097,14.57173362,5,3,Laos PDR,2013
105.0549212,17.47204253,5,3,Laos PDR,2013
104.6954201,17.97116546,5,3,Laos PDR,2013
105.9834611,15.63742852,5,3,Laos PDR,2013
105.5005016,17.38660707,5,3,Laos PDR,2013
106.5725797,14.63918266,5,3,Laos PDR,2013
102.6838328,19.22571768,5,3,Laos PDR,2013
105.7858052,14.75159774,5,3,Laos PDR,2013
104.4829144,18.14653297,5,3,Laos PDR,2013
102.9150395,19.87322851,5,3,Laos PDR,2013
105.2753524,17.49452554,5,3,Laos PDR,2013
106.344913,14.88649582,5,3,Laos PDR,2013
102.5815968,18.48377819,5,3,Laos PDR,2013
104.7552097,18.01613149,5,3,Laos PDR,2013
105.974373,14.82354338,5,3,Laos PDR,2013
105.5799339,17.41808329,5,3,Laos PDR,2013
101.8585585,19.41457501,5,3,Laos PDR,2013
104.9015319,17.75982512,5,3,Laos PDR,2013
106.690821,15.58796589,5,3,Laos PDR,2013
105.6370094,14.75159774,5,3,Laos PDR,2013
105.3403694,17.47653913,5,3,Laos PDR,2013
106.1826522,15.86675527,5,3,Laos PDR,2013
105.2072351,17.49902215,5,3,Laos PDR,2013
102.439483,18.23646503,5,3,Laos PDR,2013
105.0773237,17.20674295,5,3,Laos PDR,2013
106.4136899,15.81729264,5,3,Laos PDR,2013
105.9406785,15.37212894,5,3,Laos PDR,2013
104.7687265,17.71036248,5,3,Laos PDR,2013
100.46152,20.20148053,5,3,Laos PDR,2013
104.0381924,18.31290728,5,3,Laos PDR,2013
104.6106867,18.01163488,5,3,Laos PDR,2013
106.0420466,15.55199306,5,3,Laos PDR,2013
105.6195378,16.15453786,5,3,Laos PDR,2013
105.6147578,14.96293808,5,3,Laos PDR,2013
105.7203327,15.49803383,5,3,Laos PDR,2013
106.8832814,15.08884296,5,3,Laos PDR,2013
105.8809575,15.56548287,5,3,Laos PDR,2013
105.2575968,17.01788563,5,3,Laos PDR,2013
106.058232,15.6014557,5,3,Laos PDR,2013
105.9615615,16.17252427,5,3,Laos PDR,2013
104.9376547,17.7328455,5,3,Laos PDR,2013
100.8214268,21.29865165,5,3,Laos PDR,2013
105.3889701,16.23997332,5,3,Laos PDR,2013
105.6735475,16.60869476,5,3,Laos PDR,2013
105.5869375,15.05736674,5,3,Laos PDR,2013
104.9175142,17.50351875,5,3,Laos PDR,2013
105.3116273,16.23547671,5,3,Laos PDR,2013
104.68488,17.76881832,5,3,Laos PDR,2013
104.5046869,17.87224019,5,3,Laos PDR,2013
105.7207412,17.72385229,5,3,Laos PDR,2013
103.4643199,19.4055818,5,3,Laos PDR,2013
105.9672714,14.82803999,5,3,Laos PDR,2013
105.6003986,15.72736058,5,3,Laos PDR,2013
106.7657414,15.44407459,5,3,Laos PDR,2013
104.869703,17.13929391,5,3,Laos PDR,2013
101.5342183,18.3398869,5,3,Laos PDR,2013
105.3946113,14.25247481,5,3,Laos PDR,2013
106.1214077,16.32990538,5,3,Laos PDR,2013
106.1042633,15.99266015,5,3,Laos PDR,2013
104.987279,17.48553234,5,3,Laos PDR,2013
106.0125131,15.42159158,5,3,Laos PDR,2013
105.5424042,15.07085655,5,3,Laos PDR,2013
104.8776976,18.23646503,5,3,Laos PDR,2013
105.9659761,15.96118393,5,3,Laos PDR,2013
105.7687395,16.10957183,5,3,Laos PDR,2013
104.6419603,17.98465527,5,3,Laos PDR,2013
104.6194251,17.81828096,5,3,Laos PDR,2013
106.3934688,14.80555697,5,3,Laos PDR,2013
104.8904456,17.7328455,5,3,Laos PDR,2013
104.633966,17.97116546,5,3,Laos PDR,2013
106.3192379,14.9944143,5,3,Laos PDR,2013
106.1974796,16.14104805,5,3,Laos PDR,2013
105.8459878,15.29568669,5,3,Laos PDR,2013
105.7713955,14.6931419,5,3,Laos PDR,2013
105.7327814,16.45131366,5,3,Laos PDR,2013
106.2685992,15.50253043,5,3,Laos PDR,2013
107.049688,14.78757056,5,3,Laos PDR,2013
104.7741693,17.80029454,5,3,Laos PDR,2013
105.5042718,17.36862066,5,3,Laos PDR,2013
105.7515356,16.45131366,5,3,Laos PDR,2013
105.2748319,16.84701472,5,3,Laos PDR,2013
106.1730075,15.48904062,5,3,Laos PDR,2013
105.5723841,15.08434636,5,3,Laos PDR,2013
105.1205021,17.11681089,5,3,Laos PDR,2013
105.9965516,15.38112215,5,3,Laos PDR,2013
101.8200052,19.45954104,5,3,Laos PDR,2013
105.9243981,16.5187627,5,3,Laos PDR,2013
103.7795171,19.54047989,5,3,Laos PDR,2013
104.6834657,18.0386145,5,3,Laos PDR,2013
106.857515,14.850523,5,3,Laos PDR,2013
104.6436984,17.93968924,5,3,Laos PDR,2013
101.8303966,19.65739157,5,3,Laos PDR,2013
106.3661523,16.15004126,5,3,Laos PDR,2013
105.9615682,14.04563107,5,3,Laos PDR,2013
104.0027523,19.53148668,5,3,Laos PDR,2013
105.8458638,17.45405612,5,3,Laos PDR,2013
104.7891289,17.99364847,5,3,Laos PDR,2013
105.304281,17.46304932,5,3,Laos PDR,2013
105.8328253,14.25697141,5,3,Laos PDR,2013
105.049811,17.82727416,5,3,Laos PDR,2013
104.7751449,17.77781153,5,3,Laos PDR,2013
106.0564932,15.87574848,5,3,Laos PDR,2013
104.0622353,20.52523594,5,3,Laos PDR,2013
104.8280861,17.59345081,5,3,Laos PDR,2013
106.5114212,14.58972003,5,3,Laos PDR,2013
104.7708214,17.70586588,5,3,Laos PDR,2013
106.2298258,16.11406843,5,3,Laos PDR,2013
101.7367919,18.43431556,5,3,Laos PDR,2013
106.2334728,15.53400665,5,3,Laos PDR,2013
105.0675956,17.61593382,5,3,Laos PDR,2013
105.0542839,17.93069603,5,3,Laos PDR,2013
102.1332719,18.77156078,5,3,Laos PDR,2013
104.597796,18.32190049,5,3,Laos PDR,2013
105.9069835,15.49803383,5,3,Laos PDR,2013
106.819441,15.68239455,5,3,Laos PDR,2013
105.4300789,18.1870024,5,3,Laos PDR,2013
105.9252498,15.57897268,5,3,Laos PDR,2013
105.9317862,16.2129937,5,3,Laos PDR,2013
105.6129166,16.43782385,5,3,Laos PDR,2013
105.7856059,17.47204253,6,3,Laos PDR,2013
105.6502963,15.03488372,6,3,Laos PDR,2013
104.5504385,18.02962129,6,3,Laos PDR,2013
105.5859616,17.56647119,6,3,Laos PDR,2013
105.5902703,15.25072066,6,3,Laos PDR,2013
103.6298481,19.56745951,6,3,Laos PDR,2013
105.6284105,17.56647119,6,3,Laos PDR,2013
104.5211434,17.90821301,6,3,Laos PDR,2013
104.7097875,18.0431111,6,3,Laos PDR,2013
104.4451966,18.11505675,6,3,Laos PDR,2013
102.887187,18.87048605,6,3,Laos PDR,2013
104.8122599,17.64741004,6,3,Laos PDR,2013
105.8112769,17.46754592,6,3,Laos PDR,2013
104.8600107,17.61593382,6,3,Laos PDR,2013
105.713252,15.03038712,6,3,Laos PDR,2013
104.736296,18.01613149,6,3,Laos PDR,2013
105.8093248,15.25072066,6,3,Laos PDR,2013
105.7165603,14.16703935,6,3,Laos PDR,2013
105.2731395,17.66089985,6,3,Laos PDR,2013
105.2807117,17.46304932,6,3,Laos PDR,2013
104.5557214,17.89472321,6,3,Laos PDR,2013
105.7502411,14.77408075,6,3,Laos PDR,2013
106.18903,15.73635378,6,3,Laos PDR,2013
105.2792694,17.4360697,6,3,Laos PDR,2013
104.716569,18.0386145,6,3,Laos PDR,2013
104.6935476,18.04760771,6,3,Laos PDR,2013
105.0433626,17.80029454,6,3,Laos PDR,2013
105.4085509,16.12755824,6,3,Laos PDR,2013
105.8249942,17.41808329,6,3,Laos PDR,2013
104.7091641,18.0341179,6,3,Laos PDR,2013
104.8054396,17.65190665,6,3,Laos PDR,2013
104.5196473,17.92170282,6,3,Laos PDR,2013
103.0543201,19.4055818,6,3,Laos PDR,2013
104.6448863,17.95767565,6,3,Laos PDR,2013
102.6479178,18.12404996,6,3,Laos PDR,2013
105.2269517,17.4270765,6,3,Laos PDR,2013
104.718622,18.0341179,6,3,Laos PDR,2013
104.6725782,18.05210431,6,3,Laos PDR,2013
103.2030286,19.43705802,6,3,Laos PDR,2013
106.1446921,16.42433404,6,3,Laos PDR,2013
103.7992539,18.38035633,6,3,Laos PDR,2013
104.5288771,17.8812334,6,3,Laos PDR,2013
106.8075413,15.02139391,6,3,Laos PDR,2013
105.894434,16.34339518,6,3,Laos PDR,2013
102.433229,18.24995484,6,3,Laos PDR,2013
104.6921235,18.06109752,6,3,Laos PDR,2013
103.1200406,19.48652065,6,3,Laos PDR,2013
104.5876557,18.02062809,6,3,Laos PDR,2013
105.4466328,15.92521111,6,3,Laos PDR,2013
104.6760616,18.0341179,6,3,Laos PDR,2013
104.7252311,18.06109752,6,3,Laos PDR,2013
104.6853437,18.06559412,6,3,Laos PDR,2013
104.7134098,17.92170282,6,3,Laos PDR,2013
104.8464553,17.5844576,6,3,Laos PDR,2013
105.7946247,15.56098627,6,3,Laos PDR,2013
104.7159466,18.02962129,6,3,Laos PDR,2013
105.8287791,14.71562491,6,3,Laos PDR,2013
104.5587363,17.86774359,6,3,Laos PDR,2013
105.172384,16.87399433,6,3,Laos PDR,2013
104.5164178,17.90821301,6,3,Laos PDR,2013
104.503762,18.0386145,6,3,Laos PDR,2013
105.7808918,17.47204253,6,3,Laos PDR,2013
104.5223006,17.92619943,6,3,Laos PDR,2013
102.1374871,18.21398202,6,3,Laos PDR,2013
104.6908708,18.0431111,6,3,Laos PDR,2013
105.8537841,14.66166568,6,3,Laos PDR,2013
104.7315675,18.01613149,6,3,Laos PDR,2013
105.4036836,16.76607586,6,3,Laos PDR,2013
105.8135024,16.13205485,6,3,Laos PDR,2013
105.9448141,15.94769412,6,3,Laos PDR,2013
104.4957527,18.02512469,6,3,Laos PDR,2013
105.8636013,14.01415485,6,3,Laos PDR,2013
105.7609043,15.08884296,6,3,Laos PDR,2013
104.9243474,17.49902215,6,3,Laos PDR,2013
104.0791096,18.191499,6,3,Laos PDR,2013
105.8233186,17.47204253,6,3,Laos PDR,2013
105.2576273,17.47204253,6,3,Laos PDR,2013
104.9207386,17.06285166,6,3,Laos PDR,2013
105.8008307,17.44955951,6,3,Laos PDR,2013
105.8165701,17.4360697,6,3,Laos PDR,2013
105.8649301,14.60770644,6,3,Laos PDR,2013
105.8061434,17.41808329,6,3,Laos PDR,2013
105.2397467,17.49002894,6,3,Laos PDR,2013
106.8162476,15.05736674,6,3,Laos PDR,2013
104.4847623,17.96666885,6,3,Laos PDR,2013
105.8016015,14.0905971,7,3,Laos PDR,2013
104.947588,16.32540877,7,3,Laos PDR,2013
105.8598326,14.27495782,7,3,Laos PDR,2013
101.4673213,18.29042427,7,3,Laos PDR,2013
105.8375417,14.81005357,7,3,Laos PDR,2013
105.8456886,14.04563107,7,3,Laos PDR,2013
102.0880521,18.21847862,7,3,Laos PDR,2013
107.0485858,14.73810793,7,3,Laos PDR,2013
105.7731109,14.14905294,7,3,Laos PDR,2013
105.9017888,14.03663787,7,3,Laos PDR,2013
102.1290149,19.87772511,7,3,Laos PDR,2013
103.2135151,19.44605123,7,3,Laos PDR,2013
105.1857819,17.7373421,7,3,Laos PDR,2013
106.1446378,15.73185718,7,3,Laos PDR,2013
105.3966001,16.10507523,7,3,Laos PDR,2013
104.3308573,17.84975718,7,3,Laos PDR,2013
107.052559,14.76508754,7,3,Laos PDR,2013
101.8328093,18.05660091,7,3,Laos PDR,2013
105.8646202,14.43233893,7,3,Laos PDR,2013
101.4180025,18.08358053,7,3,Laos PDR,2013
105.9176292,14.00066504,7,3,Laos PDR,2013
105.7986204,14.64367926,7,3,Laos PDR,2013
104.7527592,17.46304932,7,3,Laos PDR,2013
104.9692753,16.48728648,7,3,Laos PDR,2013
105.8963332,14.71112831,7,3,Laos PDR,2013
106.5947296,14.67515549,7,3,Laos PDR,2013
104.7279073,17.96217225,8,3,Laos PDR,2013
100.7219739,19.62591535,8,3,Laos PDR,2013
105.9168774,16.15903446,8,3,Laos PDR,2013
103.3853821,19.53598329,8,3,Laos PDR,2013
105.6644905,15.98366695,8,3,Laos PDR,2013
101.9641649,20.26443297,8,3,Laos PDR,2013
106.7211629,15.58346928,8,3,Laos PDR,2013
103.6236753,19.46853424,8,3,Laos PDR,2013
101.3363054,18.27693446,8,3,Laos PDR,2013
105.8308934,14.35140007,8,3,Laos PDR,2013
101.5480302,19.05934337,8,3,Laos PDR,2013
105.5539504,15.34514933,8,3,Laos PDR,2013
105.0039824,16.46480346,8,3,Laos PDR,2013
101.7569694,19.37410558,8,3,Laos PDR,2013
105.6227178,17.46754592,8,3,Laos PDR,2013
105.7431022,14.34240687,8,3,Laos PDR,2013
104.7612283,17.53499497,8,3,Laos PDR,2013
104.5578855,17.7373421,8,3,Laos PDR,2013
101.6235255,17.8902266,8,3,Laos PDR,2013
106.4375206,14.64817587,8,3,Laos PDR,2013
105.6644219,14.93146185,8,3,Laos PDR,2013
104.4534684,18.66813892,8,3,Laos PDR,2013
104.8796612,16.6671506,8,3,Laos PDR,2013
100.5687102,20.87597097,8,3,Laos PDR,2013
105.5677789,14.66616228,8,3,Laos PDR,2013
101.6286982,17.94868244,8,3,Laos PDR,2013
106.2567839,15.74085039,8,3,Laos PDR,2013
101.2052669,17.52600176,8,3,Laos PDR,2013
105.8848568,14.33791026,8,3,Laos PDR,2013
105.7086346,15.50253043,8,3,Laos PDR,2013
101.1643969,17.87224019,8,3,Laos PDR,2013
105.7902468,16.40185102,8,3,Laos PDR,2013
105.8675411,15.46655761,8,3,Laos PDR,2013
105.0401002,17.41358669,8,3,Laos PDR,2013
101.3431672,18.35337671,8,3,Laos PDR,2013
106.3574515,15.79031302,8,3,Laos PDR,2013
105.8318828,15.83078245,8,3,Laos PDR,2013
101.5625645,19.09081959,8,3,Laos PDR,2013
106.0879942,13.97818203,8,3,Laos PDR,2013
104.9380251,17.35063425,8,3,Laos PDR,2013
106.102523,14.90448224,8,3,Laos PDR,2013
105.626346,14.65267247,8,3,Laos PDR,2013
102.3913719,18.10606355,8,3,Laos PDR,2013
102.708984,18.15552618,8,3,Laos PDR,2013
105.7663074,15.05287013,8,3,Laos PDR,2013
106.2701129,14.58072682,8,3,Laos PDR,2013
105.1279801,17.4270765,8,3,Laos PDR,2013
103.334432,19.76081343,8,3,Laos PDR,2013
106.4689151,16.86500113,8,3,Laos PDR,2013
106.0580253,14.20301217,8,3,Laos PDR,2013
105.4290819,16.75258605,8,3,Laos PDR,2013
105.3491007,14.2344884,8,3,Laos PDR,2013
101.8479673,18.07458732,8,3,Laos PDR,2013
107.1045879,14.64367926,8,3,Laos PDR,2013
106.3736085,14.61220304,8,3,Laos PDR,2013
101.1630313,17.89472321,8,3,Laos PDR,2013
105.9463067,15.56548287,8,3,Laos PDR,2013
101.3827464,20.02611301,8,3,Laos PDR,2013
105.5184259,16.28044274,8,3,Laos PDR,2013
101.5613766,17.82277756,8,3,Laos PDR,2013
100.8621421,20.05758923,8,3,Laos PDR,2013
102.0069615,18.43431556,8,3,Laos PDR,2013
106.2057177,15.48004742,8,3,Laos PDR,2013
106.5557618,16.74359285,8,3,Laos PDR,2013
105.5703113,14.72911472,8,3,Laos PDR,2013
103.0114159,19.58544592,8,3,Laos PDR,2013
105.7397084,16.44681705,8,3,Laos PDR,2013
106.507797,14.63018946,8,3,Laos PDR,2013
105.8387786,15.6104489,8,3,Laos PDR,2013
103.4356475,20.80402532,8,3,Laos PDR,2013
106.6612445,14.79206716,8,3,Laos PDR,2013
105.5507665,16.25346313,8,3,Laos PDR,2013
106.3840975,14.57623022,8,3,Laos PDR,2013
101.429534,18.20948541,8,3,Laos PDR,2013
106.3131496,15.21474784,8,3,Laos PDR,2013
101.1853092,17.69237607,8,3,Laos PDR,2013
101.1555712,17.98915187,8,3,Laos PDR,2013
103.0363018,18.09257374,8,3,Laos PDR,2013
105.6421947,14.81005357,8,3,Laos PDR,2013
105.2405097,16.32990538,8,3,Laos PDR,2013
103.0771743,19.41907161,8,3,Laos PDR,2013
105.9040605,14.08160389,8,3,Laos PDR,2013
105.6397137,15.21924444,8,3,Laos PDR,2013
105.9203088,14.12656992,8,3,Laos PDR,2013
102.2116815,18.22747183,8,3,Laos PDR,2013
104.293003,20.68711364,8,3,Laos PDR,2013
105.6428705,14.58072682,8,3,Laos PDR,2013
105.8637797,15.36763234,8,3,Laos PDR,2013
103.1925842,19.51799688,8,3,Laos PDR,2013
104.615415,18.01163488,8,3,Laos PDR,2013
105.8152225,14.85951621,8,3,Laos PDR,2013
106.4434699,15.54299986,8,3,Laos PDR,2013
106.2709001,15.76783001,8,3,Laos PDR,2013
106.0944068,15.39011536,8,3,Laos PDR,2013
106.7413805,15.25971387,8,3,Laos PDR,2013
103.1801198,19.7068542,8,3,Laos PDR,2013
104.9827836,17.19774975,8,3,Laos PDR,2013
101.2365343,17.67438966,8,3,Laos PDR,2013
105.8829987,16.23547671,8,3,Laos PDR,2013
106.3470763,15.3001833,8,3,Laos PDR,2013
101.2620754,19.38309879,8,3,Laos PDR,2013
102.0628268,18.23196843,8,3,Laos PDR,2013
105.699367,14.3873729,8,3,Laos PDR,2013
106.1964217,16.6716472,8,3,Laos PDR,2013
105.9234493,15.25521727,8,3,Laos PDR,2013
105.0147166,16.79305548,8,3,Laos PDR,2013
106.0285336,15.462061,8,3,Laos PDR,2013
105.9344478,15.3046799,8,3,Laos PDR,2013
105.5163021,15.7633334,8,3,Laos PDR,2013
100.329809,20.39033785,8,3,Laos PDR,2013
105.9769066,14.01865145,8,3,Laos PDR,2013
105.9386258,14.8550196,8,3,Laos PDR,2013
106.1628761,14.81904678,8,3,Laos PDR,2013
106.4444974,14.57623022,8,3,Laos PDR,2013
105.6976986,14.90448224,8,3,Laos PDR,2013
101.6238415,20.26443297,8,3,Laos PDR,2013
106.2193052,15.69588436,8,3,Laos PDR,2013
102.03122,18.17800919,8,3,Laos PDR,2013
106.7328303,15.56997947,8,3,Laos PDR,2013
105.1295143,16.5232593,8,3,Laos PDR,2013
104.9842098,17.47204253,8,3,Laos PDR,2013
105.509744,16.84701472,8,3,Laos PDR,2013
105.9158264,15.6059523,8,3,Laos PDR,2013
105.4957111,16.43782385,8,3,Laos PDR,2013
105.5383599,14.71112831,8,3,Laos PDR,2013
105.9098532,15.96118393,8,3,Laos PDR,2013
106.5886778,14.90897884,8,3,Laos PDR,2013
106.0621491,16.49627969,8,3,Laos PDR,2013
105.6809958,15.4575644,8,3,Laos PDR,2013
102.2228715,18.36686652,8,3,Laos PDR,2013
105.5305197,14.37388309,8,3,Laos PDR,2013
101.2436883,17.95317904,8,3,Laos PDR,2013
105.9120054,15.93870092,8,3,Laos PDR,2013
103.9166701,20.80402532,8,3,Laos PDR,2013
106.1285339,16.33440198,8,3,Laos PDR,2013
102.4482332,18.02512469,8,3,Laos PDR,2013
105.7639578,16.25795973,8,3,Laos PDR,2013
101.6432014,19.87322851,8,3,Laos PDR,2013
100.5580925,20.1655077,8,3,Laos PDR,2013
101.3844557,18.16451938,8,3,Laos PDR,2013
105.5784465,14.50428457,8,3,Laos PDR,2013
105.0674972,16.75258605,8,3,Laos PDR,2013
101.349974,18.30841068,8,3,Laos PDR,2013
102.9857463,18.191499,8,3,Laos PDR,2013
105.4142849,16.56372873,8,3,Laos PDR,2013
104.6806135,17.69687268,8,3,Laos PDR,2013
101.5947539,17.8812334,8,3,Laos PDR,2013
106.3383483,15.65541493,8,3,Laos PDR,2013
102.9136854,21.48750897,8,3,Laos PDR,2013
105.1152963,17.62492703,8,3,Laos PDR,2013
105.6217958,14.58522343,8,3,Laos PDR,2013
101.2258166,17.87224019,8,3,Laos PDR,2013
101.6554815,19.33363615,8,3,Laos PDR,2013
104.6276781,17.75982512,8,3,Laos PDR,2013
105.8469239,16.17702087,8,3,Laos PDR,2013
106.4973503,16.37487141,8,3,Laos PDR,2013
105.6911625,14.59421663,8,3,Laos PDR,2013
101.3340387,18.15102957,8,3,Laos PDR,2013
104.7864983,16.85600792,8,3,Laos PDR,2013
106.8119799,16.30742236,8,3,Laos PDR,2013
101.6184309,19.1043094,8,3,Laos PDR,2013
102.4624141,19.37410558,8,3,Laos PDR,2013
106.6934736,14.90448224,8,3,Laos PDR,2013
105.9313621,16.59970155,8,3,Laos PDR,2013
105.5555981,16.26245633,8,3,Laos PDR,2013
105.9523801,15.06186334,8,3,Laos PDR,2013
105.319449,17.03587204,8,3,Laos PDR,2013
105.9041498,15.78131981,8,3,Laos PDR,2013
102.6293881,19.35162257,8,3,Laos PDR,2013
105.7047467,17.37311726,8,3,Laos PDR,2013
102.2877257,18.38035633,8,3,Laos PDR,2013
101.3149076,17.74633531,8,3,Laos PDR,2013
104.618906,17.60694062,8,3,Laos PDR,2013
106.1121807,15.80380283,8,3,Laos PDR,2013
103.6666547,19.63940515,8,3,Laos PDR,2013
101.1657777,17.84975718,8,3,Laos PDR,2013
105.6084587,14.50878118,8,3,Laos PDR,2013
105.3930372,16.34339518,8,3,Laos PDR,2013
105.5513904,15.80380283,8,3,Laos PDR,2013
105.0736164,16.63567438,8,3,Laos PDR,2013
101.8102834,19.48202405,8,3,Laos PDR,2013
102.9349775,19.54047989,8,3,Laos PDR,2013
102.9778457,18.02512469,8,3,Laos PDR,2013
101.3751908,17.98465527,8,3,Laos PDR,2013
103.4715688,18.46579178,8,3,Laos PDR,2013
105.0741475,17.07634147,8,3,Laos PDR,2013
105.5688473,16.34789179,8,3,Laos PDR,2013
105.5680419,16.15453786,8,3,Laos PDR,2013
102.939904,21.44254294,8,3,Laos PDR,2013
105.8136619,14.12656992,8,3,Laos PDR,2013
104.1199861,18.13304316,8,3,Laos PDR,2013
104.9692118,17.54398818,8,3,Laos PDR,2013
102.7417946,18.40283934,8,3,Laos PDR,2013
106.0592161,16.26695293,8,3,Laos PDR,2013
106.8878491,15.3001833,8,3,Laos PDR,2013
105.4675876,17.24721238,8,3,Laos PDR,2013
104.1810965,20.74107288,8,3,Laos PDR,2013
104.3001111,18.51075781,8,3,Laos PDR,2013
105.9814084,15.54299986,8,3,Laos PDR,2013
105.6130349,14.63468606,8,3,Laos PDR,2013
106.2244915,16.32990538,9,3,Laos PDR,2013
106.1082128,16.95043658,9,3,Laos PDR,2013
105.6112567,14.91797205,9,3,Laos PDR,2013
105.7120466,16.3613816,9,3,Laos PDR,2013
104.8248373,16.53225251,9,3,Laos PDR,2013
105.633471,15.58346928,9,3,Laos PDR,2013
105.4505965,16.90097395,9,3,Laos PDR,2013
105.0531606,17.08083807,9,3,Laos PDR,2013
106.4040806,15.46655761,9,3,Laos PDR,2013
105.6809721,16.62218457,9,3,Laos PDR,2013
105.335295,16.89647735,9,3,Laos PDR,2013
104.7906851,17.51251195,9,3,Laos PDR,2013
106.2462765,16.11856504,9,3,Laos PDR,2013
105.4813178,16.77057247,9,3,Laos PDR,2013
105.7162349,16.20400049,9,3,Laos PDR,2013
105.1993455,17.03137544,9,3,Laos PDR,2013
105.7168231,14.65716907,9,3,Laos PDR,2013
105.2344156,16.90097395,9,3,Laos PDR,2013
104.3652001,17.90821301,9,3,Laos PDR,2013
104.1824824,18.21398202,9,3,Laos PDR,2013
104.3630321,17.98465527,9,3,Laos PDR,2013
105.1581435,16.30742236,9,3,Laos PDR,2013
104.9630099,16.40634763,9,3,Laos PDR,2013
105.058165,16.19051068,9,3,Laos PDR,2013
105.3611327,16.75708266,9,3,Laos PDR,2013
106.266398,15.80380283,9,3,Laos PDR,2013
105.9170054,16.50527289,9,3,Laos PDR,2013
105.5145309,15.18327162,9,3,Laos PDR,2013
105.8300252,16.28493935,9,3,Laos PDR,2013
105.7148947,15.06186334,9,3,Laos PDR,2013
105.8519884,15.07535315,9,3,Laos PDR,2013
104.9546596,16.46030686,9,3,Laos PDR,2013
105.5536775,15.7543402,9,3,Laos PDR,2013
104.2875108,17.91270962,9,3,Laos PDR,2013
103.6597962,18.41632915,9,3,Laos PDR,2013
104.2162544,18.08807713,9,3,Laos PDR,2013
104.2701457,18.11505675,9,3,Laos PDR,2013
105.7369528,15.97917034,9,3,Laos PDR,2013
105.1729372,16.19500729,9,3,Laos PDR,2013
104.1356176,18.11955335,9,3,Laos PDR,2013
106.1937409,16.31641557,9,3,Laos PDR,2013
104.9157081,16.69862682,9,3,Laos PDR,2013
105.32494,16.18151748,9,3,Laos PDR,2013
105.9232015,15.27320368,9,3,Laos PDR,2013
105.7352869,14.47280835,9,3,Laos PDR,2013
105.7778662,16.47379667,9,3,Laos PDR,2013
105.7073248,14.73361132,9,3,Laos PDR,2013
106.1960504,15.74085039,9,3,Laos PDR,2013
105.9459886,16.2219869,9,3,Laos PDR,2013
106.1564423,15.77232661,9,3,Laos PDR,2013
105.1699533,17.71036248,9,3,Laos PDR,2013
105.0136275,16.75708266,9,3,Laos PDR,2013
105.5649661,16.26245633,9,3,Laos PDR,2013
105.1842861,16.87849094,9,3,Laos PDR,2013
105.5305833,15.88024508,9,3,Laos PDR,2013
105.3472932,16.50976949,9,3,Laos PDR,2013
105.4265973,16.58621174,9,3,Laos PDR,2013
105.4394372,15.88474168,9,3,Laos PDR,2013
105.6609118,16.25795973,9,3,Laos PDR,2013
104.1146719,18.29042427,9,3,Laos PDR,2013
104.376164,17.89472321,9,3,Laos PDR,2013
105.5023151,15.37212894,9,3,Laos PDR,2013
105.2833225,16.8200351,9,3,Laos PDR,2013
105.7190179,16.0601092,9,3,Laos PDR,2013
105.3340861,16.54574232,9,3,Laos PDR,2013
105.5243095,14.40985591,9,3,Laos PDR,2013
103.8913338,18.40733594,9,3,Laos PDR,2013
105.6713583,16.52775591,9,3,Laos PDR,2013
105.8706159,15.07535315,9,3,Laos PDR,2013
105.6425374,16.50077629,9,3,Laos PDR,2013
105.7240293,14.72012152,9,3,Laos PDR,2013
104.8755581,17.274192,9,3,Laos PDR,2013
104.8369548,17.35513085,9,3,Laos PDR,2013
105.1792991,16.31191896,9,3,Laos PDR,2013
105.9117162,14.06811409,9,3,Laos PDR,2013
105.3475056,16.5187627,9,3,Laos PDR,2013
106.0063181,16.01963977,9,3,Laos PDR,2013
105.5787558,16.37487141,9,3,Laos PDR,2013
105.7225789,16.41534083,9,3,Laos PDR,2013
106.075252,14.79206716,9,3,Laos PDR,2013
105.0275183,17.02687883,9,3,Laos PDR,2013
106.1417984,16.40185102,9,3,Laos PDR,2013
106.2591347,15.74534699,9,3,Laos PDR,2013
105.6080995,15.94769412,9,3,Laos PDR,2013
105.9342657,16.53674911,9,3,Laos PDR,2013
106.9938798,14.89099243,9,3,Laos PDR,2013
105.0703744,16.23098011,9,3,Laos PDR,2013
105.8033293,14.57623022,9,3,Laos PDR,2013
105.6247312,16.32990538,9,3,Laos PDR,2013
105.1921141,17.02687883,9,3,Laos PDR,2013
104.3743643,17.82727416,9,3,Laos PDR,2013
105.2673298,16.83352491,9,3,Laos PDR,2013
105.1827202,16.90097395,9,3,Laos PDR,2013
105.971865,15.76783001,9,3,Laos PDR,2013
105.0258223,16.9819128,9,3,Laos PDR,2013
105.4413975,16.61319136,9,3,Laos PDR,2013
104.7534383,17.52150516,9,3,Laos PDR,2013
105.5923314,16.02413637,9,3,Laos PDR,2013
104.8825586,16.59520495,9,3,Laos PDR,2013
105.763609,14.64817587,9,3,Laos PDR,2013
105.7252104,16.31641557,9,3,Laos PDR,2013
105.7797157,16.54574232,9,3,Laos PDR,2013
105.7236701,16.35688499,9,3,Laos PDR,2013
105.8473278,16.43782385,9,3,Laos PDR,2013
102.5543208,18.10156694,9,3,Laos PDR,2013
106.4575406,15.70487756,9,3,Laos PDR,2013
104.9973447,16.83802151,9,3,Laos PDR,2013
105.1208496,17.2831852,9,3,Laos PDR,2013
102.089804,18.66813892,9,3,Laos PDR,2013
104.339682,17.80029454,9,3,Laos PDR,2013
105.7389492,14.55824381,9,3,Laos PDR,2013
105.5392785,16.26695293,9,3,Laos PDR,2013
103.1300425,19.64390176,9,3,Laos PDR,2013
105.4453646,16.58621174,9,3,Laos PDR,2013
105.5584782,16.29393255,9,3,Laos PDR,2013
105.5530349,16.57721854,9,3,Laos PDR,2013
105.7714695,14.55824381,9,3,Laos PDR,2013
106.1305874,15.6059523,9,3,Laos PDR,2013
105.2277149,16.77057247,9,3,Laos PDR,2013
105.8410577,14.76958415,9,3,Laos PDR,2013
104.8874883,16.50077629,9,3,Laos PDR,2013
105.5995734,16.3613816,9,3,Laos PDR,2013
107.137385,14.72012152,9,3,Laos PDR,2013
105.9554822,15.3001833,9,3,Laos PDR,2013
104.7810424,17.46304932,9,3,Laos PDR,2013
106.287273,15.77232661,9,3,Laos PDR,2013
105.740231,16.23997332,9,3,Laos PDR,2013
104.9700681,16.99989922,9,3,Laos PDR,2013
106.2777005,15.57447608,9,3,Laos PDR,2013
105.8389123,15.83527905,9,3,Laos PDR,2013
105.3901295,16.70762002,9,3,Laos PDR,2013
102.9326939,18.06109752,9,3,Laos PDR,2013
105.2293984,16.89198075,9,3,Laos PDR,2013
105.3006038,16.5187627,9,3,Laos PDR,2013
105.141975,16.55473552,9,3,Laos PDR,2013
105.1146887,16.2174903,9,3,Laos PDR,2013
105.9389996,15.31367311,9,3,Laos PDR,2013
105.3115321,16.58171514,9,3,Laos PDR,2013
106.0558187,15.66890474,9,3,Laos PDR,2013
105.079951,17.10332108,9,3,Laos PDR,2013
104.9682007,16.54574232,9,3,Laos PDR,2013
105.2977152,16.8290283,9,3,Laos PDR,2013
105.093352,16.6716472,9,3,Laos PDR,2013
105.1121896,16.3613816,9,3,Laos PDR,2013
105.6179992,16.55023892,9,3,Laos PDR,2013
105.6037556,15.99266015,9,3,Laos PDR,2013
105.5531819,16.25795973,9,3,Laos PDR,2013
105.5148821,16.20400049,9,3,Laos PDR,2013
105.7820622,15.20575464,9,3,Laos PDR,2013
105.0605877,16.75708266,9,3,Laos PDR,2013
105.4515749,15.97017714,9,3,Laos PDR,2013
106.1652489,16.29842915,9,3,Laos PDR,2013
105.4516958,16.34789179,9,3,Laos PDR,2013
105.8773756,15.21924444,9,3,Laos PDR,2013
105.885284,16.70312342,9,3,Laos PDR,2013
102.2485731,18.24995484,9,3,Laos PDR,2013
104.9480313,16.58621174,9,3,Laos PDR,2013
105.921392,14.2479782,9,3,Laos PDR,2013
105.3548047,16.77956567,9,3,Laos PDR,2013
105.8618982,14.6976385,9,3,Laos PDR,2013
105.6560768,16.24896652,9,3,Laos PDR,2013
107.0054189,14.89548903,9,3,Laos PDR,2013
105.0824561,16.40185102,9,3,Laos PDR,2013
105.0680653,16.38386461,9,3,Laos PDR,2013
105.4414393,17.08533467,9,3,Laos PDR,2013
104.1948946,18.15552618,9,3,Laos PDR,2013
106.9940683,14.88199922,9,3,Laos PDR,2013
103.3422235,18.44780537,9,3,Laos PDR,2013
104.8722302,17.08533467,9,3,Laos PDR,2013
105.8002415,16.60869476,9,3,Laos PDR,2013
105.5942216,15.04387693,9,3,Laos PDR,2013
105.2300927,17.03587204,9,3,Laos PDR,2013
105.6760049,15.03038712,9,3,Laos PDR,2013
105.8635404,15.07984975,9,3,Laos PDR,2013
105.9657041,16.27594614,9,3,Laos PDR,2013
105.7149641,14.64367926,9,3,Laos PDR,2013
105.303307,16.42883064,9,3,Laos PDR,2013
105.9816438,15.49803383,9,3,Laos PDR,2013
104.4157342,17.76881832,9,3,Laos PDR,2013
104.6984512,17.67888626,9,3,Laos PDR,2013
105.6275359,15.12031918,9,3,Laos PDR,2013
105.4626743,16.30742236,9,3,Laos PDR,2013
105.266895,17.33264784,9,3,Laos PDR,2013
105.6644187,16.61768796,9,3,Laos PDR,2013
105.1629773,16.55023892,9,3,Laos PDR,2013
105.2989831,16.72110983,9,3,Laos PDR,2013
105.6455986,16.17702087,9,3,Laos PDR,2013
106.135342,15.74984359,9,3,Laos PDR,2013
105.733934,14.8550196,9,3,Laos PDR,2013
105.4926933,16.40634763,9,3,Laos PDR,2013
105.9361491,14.22999179,9,3,Laos PDR,2013
105.7152772,14.63468606,9,3,Laos PDR,2013
106.0405004,15.42159158,9,3,Laos PDR,2013
105.0920097,16.27144954,9,3,Laos PDR,2013
103.8945681,19.60792893,9,3,Laos PDR,2013
104.6786239,17.62043043,9,3,Laos PDR,2013
105.6407142,14.57623022,9,3,Laos PDR,2013
105.3612819,16.26695293,9,3,Laos PDR,2013
105.6931402,16.04661939,9,3,Laos PDR,2013
103.1906615,19.4100784,9,3,Laos PDR,2013
102.5797348,17.96666885,10,3,Laos PDR,2013
105.8252432,15.13380899,10,3,Laos PDR,2013
105.2036227,16.58171514,10,3,Laos PDR,2013
105.2011463,16.20400049,10,3,Laos PDR,2013
105.9248969,14.32442045,10,3,Laos PDR,2013
105.0533787,16.18151748,10,3,Laos PDR,2013
105.1703385,16.56372873,10,3,Laos PDR,2013
105.0328228,16.68963361,10,3,Laos PDR,2013
105.1986741,17.4270765,10,3,Laos PDR,2013
102.2688895,18.15552618,10,3,Laos PDR,2013
105.7919298,15.72736058,10,3,Laos PDR,2013
105.8365936,15.56997947,10,3,Laos PDR,2013
105.7805788,15.56997947,10,3,Laos PDR,2013
107.0470428,14.80106037,10,3,Laos PDR,2013
105.0924655,16.11406843,10,3,Laos PDR,2013
105.9126609,14.05012767,10,3,Laos PDR,2013
104.8902745,16.40185102,10,3,Laos PDR,2013
105.8396278,14.07261069,10,3,Laos PDR,2013
105.8063035,15.3001833,10,3,Laos PDR,2013
105.6893641,14.86850941,10,3,Laos PDR,2013
107.0149168,14.78307396,10,3,Laos PDR,2013
105.7444354,14.59871324,10,3,Laos PDR,2013
105.8457687,15.6149455,10,3,Laos PDR,2013
105.1140432,16.56372873,10,3,Laos PDR,2013
105.6985183,16.99090601,10,3,Laos PDR,2013
105.8580877,14.82354338,10,3,Laos PDR,2013
105.0059177,16.64916419,10,3,Laos PDR,2013
104.7889288,16.60419816,10,3,Laos PDR,2013
105.1532924,16.93245017,10,3,Laos PDR,2013
105.1750631,17.59794741,10,3,Laos PDR,2013
105.708529,15.29119009,10,3,Laos PDR,2013
105.7619509,15.56098627,10,3,Laos PDR,2013
105.9836419,16.54124571,10,3,Laos PDR,2013
105.3353953,16.39285782,10,3,Laos PDR,2013
104.8774035,16.83352491,10,3,Laos PDR,2013
105.8636109,14.2434816,10,3,Laos PDR,2013
104.8615513,16.59970155,10,3,Laos PDR,2013
105.223033,16.26245633,10,3,Laos PDR,2013
106.8385013,14.86850941,10,3,Laos PDR,2013
105.2490398,16.09158542,10,3,Laos PDR,2013
103.6462978,18.36236991,10,3,Laos PDR,2013
105.8434824,14.32891706,10,3,Laos PDR,2013
105.7975239,14.544754,10,3,Laos PDR,2013
105.7480441,15.54299986,10,3,Laos PDR,2013
105.7984642,16.34789179,10,3,Laos PDR,2013
105.3851418,16.29393255,10,3,Laos PDR,2013
103.1353064,19.45054783,10,3,Laos PDR,2013
105.5845007,15.9117213,10,3,Laos PDR,2013
101.8122869,19.64390176,10,3,Laos PDR,2013
105.3767189,16.34789179,10,3,Laos PDR,2013
105.1357042,16.58621174,10,3,Laos PDR,2013
106.2963821,15.70038096,10,3,Laos PDR,2013
105.7370106,16.32091217,10,3,Laos PDR,2013
105.3555307,16.55923213,10,3,Laos PDR,2013
105.3960696,16.05111599,10,3,Laos PDR,2013
105.612059,15.20125803,10,3,Laos PDR,2013
104.8666228,16.99989922,10,3,Laos PDR,2013
105.9468557,15.46655761,10,3,Laos PDR,2013
104.8278754,16.56372873,10,3,Laos PDR,2013
105.3570332,16.29393255,10,3,Laos PDR,2013
105.7832369,15.51152364,10,3,Laos PDR,2013
104.8405634,16.92795357,10,3,Laos PDR,2013
105.8274735,14.83703319,10,3,Laos PDR,2013
104.030149,18.26794125,10,3,Laos PDR,2013
105.7842124,14.11308012,10,3,Laos PDR,2013
105.1363884,17.04486525,10,3,Laos PDR,2013
105.0726,16.68513701,10,3,Laos PDR,2013
105.9157073,15.70487756,10,3,Laos PDR,2013
105.0204753,16.6671506,10,3,Laos PDR,2013
105.2250483,16.23997332,10,3,Laos PDR,2013
105.0637139,16.70312342,10,3,Laos PDR,2013
105.2421814,16.41983743,10,3,Laos PDR,2013
105.2286684,16.44681705,10,3,Laos PDR,2013
102.6258179,18.11056015,10,3,Laos PDR,2013
105.2204933,16.24896652,10,3,Laos PDR,2013
104.7781888,17.49902215,10,3,Laos PDR,2013
104.7700595,16.92795357,10,3,Laos PDR,2013
105.5586732,15.88923829,10,3,Laos PDR,2013
105.7699513,14.73810793,10,3,Laos PDR,2013
105.1832852,16.26695293,10,3,Laos PDR,2013
105.3144406,16.26695293,10,3,Laos PDR,2013
105.7217962,14.79206716,10,3,Laos PDR,2013
105.0190948,16.39735442,10,3,Laos PDR,2013
105.8269605,15.69588436,10,3,Laos PDR,2013
105.7738405,14.62119625,10,3,Laos PDR,2013
105.1139411,16.15453786,10,3,Laos PDR,2013
106.0030028,16.96392639,10,3,Laos PDR,2013
105.7535581,14.21650198,10,3,Laos PDR,2013
105.1631928,16.55923213,10,3,Laos PDR,2013
105.9180529,15.66440814,10,3,Laos PDR,2013
105.2940211,16.14104805,10,3,Laos PDR,2013
106.0091205,15.69588436,10,3,Laos PDR,2013
105.8531626,14.31992385,10,3,Laos PDR,2013
105.0311476,16.62668117,10,3,Laos PDR,2013
105.5715992,16.65366079,10,3,Laos PDR,2013
105.8289528,14.09959031,10,3,Laos PDR,2013
104.8337219,17.23372257,10,3,Laos PDR,2013
105.4841929,16.54574232,10,3,Laos PDR,2013
105.7679368,15.21474784,10,3,Laos PDR,2013
105.6726047,15.07984975,10,3,Laos PDR,2013
105.6540273,16.58171514,10,3,Laos PDR,2013
104.8198759,16.94144338,10,3,Laos PDR,2013
105.8695918,16.27144954,10,3,Laos PDR,2013
105.6847117,14.86850941,10,3,Laos PDR,2013
102.735623,18.04760771,10,3,Laos PDR,2013
105.7197622,15.32266631,10,3,Laos PDR,2013
105.7672679,15.462061,10,3,Laos PDR,2013
105.1026409,16.57721854,10,3,Laos PDR,2013
105.7405821,15.17877502,10,3,Laos PDR,2013
105.7476491,15.17427841,10,3,Laos PDR,2013
104.7066019,18.25894805,10,3,Laos PDR,2013
102.7324739,18.0341179,10,3,Laos PDR,2013
105.2339314,16.47379667,10,3,Laos PDR,2013
105.23201,16.23547671,10,3,Laos PDR,2013
102.6216022,18.0386145,10,3,Laos PDR,2013
105.1097656,16.47829327,10,3,Laos PDR,2013
105.3337591,16.13655145,10,3,Laos PDR,2013
105.0142942,16.69862682,10,3,Laos PDR,2013
105.1321644,16.29393255,10,3,Laos PDR,2013
103.2144754,19.47752745,10,3,Laos PDR,2013
105.0780881,16.28044274,10,3,Laos PDR,2013
102.7923744,18.04760771,10,3,Laos PDR,2013
107.0410449,14.76059094,10,3,Laos PDR,2013
105.8353459,14.80555697,10,3,Laos PDR,2013
105.9016925,14.32442045,10,3,Laos PDR,2013
105.6347604,15.23723086,10,3,Laos PDR,2013
105.3502321,16.30742236,10,3,Laos PDR,2013
105.143792,16.53225251,10,3,Laos PDR,2013
104.9565689,17.13479731,10,3,Laos PDR,2013
105.3562199,16.58621174,10,3,Laos PDR,2013
105.9597941,14.27046122,10,3,Laos PDR,2013
105.9483238,15.31367311,10,3,Laos PDR,2013
105.362336,16.32990538,10,3,Laos PDR,2013
107.1204496,14.8460264,10,3,Laos PDR,2013
106.3666642,15.7633334,10,3,Laos PDR,2013
104.9621636,16.68064041,10,3,Laos PDR,2013
105.0001845,16.38836121,10,3,Laos PDR,2013
105.1930664,16.29393255,10,3,Laos PDR,2013
105.8728141,14.79656377,10,3,Laos PDR,2013
106.8909776,14.72012152,10,3,Laos PDR,2013
105.133405,16.48728648,10,3,Laos PDR,2013
106.7148106,14.7021351,10,3,Laos PDR,2013
106.7445101,14.81005357,10,3,Laos PDR,2013
105.0773253,16.49627969,10,3,Laos PDR,2013
105.1164151,16.33440198,10,3,Laos PDR,2013
105.4659405,16.01514317,10,3,Laos PDR,2013
105.822167,14.63468606,10,3,Laos PDR,2013
106.8858392,14.83253659,10,3,Laos PDR,2013
104.171261,18.05210431,10,3,Laos PDR,2013
106.9268093,14.98991769,10,3,Laos PDR,2013
104.9747657,16.71211663,10,3,Laos PDR,2013
105.7228996,15.26421047,10,3,Laos PDR,2013
104.5785608,17.60244401,10,3,Laos PDR,2013
104.8271431,17.39560028,10,3,Laos PDR,2013
105.7539593,14.98092449,10,3,Laos PDR,2013
105.5780902,14.51327778,10,3,Laos PDR,2013
105.7639225,15.7543402,10,3,Laos PDR,2013
105.2583201,16.40634763,10,3,Laos PDR,2013
105.2328155,16.28943595,10,3,Laos PDR,2013
105.6793117,15.09333956,10,3,Laos PDR,2013
104.8233877,16.57272194,10,3,Laos PDR,2013
105.6794967,15.08434636,10,3,Laos PDR,2013
105.4275309,15.78131981,10,3,Laos PDR,2013
104.2049916,18.16451938,10,3,Laos PDR,2013
105.5950742,15.24172746,10,3,Laos PDR,2013
105.770235,14.72911472,10,3,Laos PDR,2013
104.7944921,16.64017098,10,3,Laos PDR,2013
105.8119525,14.66166568,10,3,Laos PDR,2013
105.6618676,15.1517954,10,3,Laos PDR,2013
105.7094192,14.9944143,10,3,Laos PDR,2013
105.3794843,16.3703748,10,3,Laos PDR,2013
103.1792538,19.39209199,10,3,Laos PDR,2013
105.5703408,15.88474168,10,3,Laos PDR,2013
107.0596452,14.76059094,10,3,Laos PDR,2013
105.8698256,14.02764466,10,3,Laos PDR,2013
102.6079264,18.08807713,10,3,Laos PDR,2013
105.3384401,16.13655145,10,3,Laos PDR,2013
105.717845,15.52051684,10,3,Laos PDR,2013
104.9619224,16.6716472,10,3,Laos PDR,2013
105.7811929,15.47105421,10,3,Laos PDR,2013
102.7088802,17.99364847,10,3,Laos PDR,2013
105.3218241,16.28943595,10,3,Laos PDR,2013
105.1611856,16.8200351,10,3,Laos PDR,2013
105.2140769,16.28943595,10,3,Laos PDR,2013
106.3385924,15.7543402,10,3,Laos PDR,2013
106.4481987,15.70487756,10,3,Laos PDR,2013
104.7732417,16.53225251,10,3,Laos PDR,2013
105.140537,16.49178308,10,3,Laos PDR,2013
105.0870703,16.25346313,10,3,Laos PDR,2013
105.812886,14.77857735,10,3,Laos PDR,2013
105.7581178,15.99266015,10,3,Laos PDR,2013
105.0947198,18.1959956,10,3,Laos PDR,2013
105.1777066,16.57721854,10,3,Laos PDR,2013
104.9978458,16.60869476,10,3,Laos PDR,2013
105.8387527,15.61944211,10,3,Laos PDR,2013
103.8114528,18.35337671,10,3,Laos PDR,2013
105.7571255,15.16528521,10,3,Laos PDR,2013
106.923052,14.83253659,10,3,Laos PDR,2013
105.7939483,14.10408691,10,3,Laos PDR,2013
105.1927296,16.5187627,10,3,Laos PDR,2013
105.0457036,16.55023892,11,3,Laos PDR,2013
105.8331799,15.08434636,11,3,Laos PDR,2013
105.6596459,15.28669349,11,3,Laos PDR,2013
105.7196949,15.17427841,11,3,Laos PDR,2013
105.2139603,17.80928775,11,3,Laos PDR,2013
105.2795192,16.28044274,11,3,Laos PDR,2013
107.2317866,14.98542109,11,3,Laos PDR,2013
105.2074335,16.54574232,11,3,Laos PDR,2013
105.8749844,14.98092449,11,3,Laos PDR,2013
103.0678851,18.10606355,11,3,Laos PDR,2013
102.8560971,18.12404996,11,3,Laos PDR,2013
102.106992,19.87322851,11,3,Laos PDR,2013
105.8609453,14.10858351,11,3,Laos PDR,2013
105.20211,16.5187627,11,3,Laos PDR,2013
105.2096716,16.54124571,11,3,Laos PDR,2013
101.4478727,17.87224019,11,3,Laos PDR,2013
102.4940877,18.74008456,11,3,Laos PDR,2013
105.893613,14.80106037,11,3,Laos PDR,2013
104.7690284,18.33089369,11,3,Laos PDR,2013
100.3546096,20.37684804,11,3,Laos PDR,2013
103.1724587,18.25894805,11,3,Laos PDR,2013
105.662723,15.23723086,11,3,Laos PDR,2013
100.241362,20.37235144,11,3,Laos PDR,2013
105.0394979,17.92170282,11,3,Laos PDR,2013
105.2076498,16.55473552,11,3,Laos PDR,2013
102.6119836,18.51075781,11,3,Laos PDR,2013
102.4387544,18.29941747,11,3,Laos PDR,2013
102.1831602,18.86149284,11,3,Laos PDR,2013
102.7333408,18.96041811,11,3,Laos PDR,2013
103.228446,18.28143106,11,3,Laos PDR,2013
105.2170816,16.32990538,11,3,Laos PDR,2013
105.1845997,16.46930007,11,3,Laos PDR,2013
105.1165225,17.83626737,11,3,Laos PDR,2013
102.6228647,18.497268,11,3,Laos PDR,2013
101.3505522,19.81926927,11,3,Laos PDR,2013
102.9440475,18.44780537,11,3,Laos PDR,2013
105.1342566,17.8902266,11,3,Laos PDR,2013
102.6404352,18.51075781,11,3,Laos PDR,2013
102.5733869,18.72209815,11,3,Laos PDR,2013
103.5142237,18.43431556,11,3,Laos PDR,2013
102.0993146,19.86873191,11,3,Laos PDR,2013
103.4451605,18.42981896,11,3,Laos PDR,2013
102.5553894,18.3443835,11,3,Laos PDR,2013
102.4861155,18.29941747,11,3,Laos PDR,2013
100.3583534,20.36785483,11,3,Laos PDR,2013
102.7892512,18.91994868,11,3,Laos PDR,2013
102.7737809,18.93343849,11,3,Laos PDR,2013
105.8843745,14.05912088,11,3,Laos PDR,2013
104.1685968,18.04760771,11,3,Laos PDR,2013
105.9104335,14.00516164,11,3,Laos PDR,2013
103.7918366,18.3443835,11,3,Laos PDR,2013
102.5462158,18.70860834,11,3,Laos PDR,2013
101.4646145,17.87673679,11,3,Laos PDR,2013
104.3837437,17.78680473,11,3,Laos PDR,2013
101.7989795,18.6501525,11,3,Laos PDR,2013
105.8166124,15.09783616,11,3,Laos PDR,2013
101.6591592,19.21672448,11,3,Laos PDR,2013
104.0464879,18.23196843,11,3,Laos PDR,2013
105.8883385,15.0079041,11,3,Laos PDR,2013
101.8081754,19.50900367,11,3,Laos PDR,2013
101.4131041,18.0341179,11,3,Laos PDR,2013
102.957876,18.00713828,11,3,Laos PDR,2013
107.2088185,14.96743468,11,3,Laos PDR,2013
105.082081,17.77781153,11,3,Laos PDR,2013
105.6439389,15.24622406,11,3,Laos PDR,2013
102.5604714,18.51975102,11,3,Laos PDR,2013
102.631195,18.44780537,11,3,Laos PDR,2013
105.2370195,17.68787947,11,3,Laos PDR,2013
105.8747498,14.89548903,11,3,Laos PDR,2013
105.8674898,15.0034075,11,3,Laos PDR,2013
102.6447826,18.43881216,11,3,Laos PDR,2013
105.8856482,14.31992385,11,3,Laos PDR,2013
102.7716205,18.85249964,11,3,Laos PDR,2013
103.0294959,19.41907161,11,3,Laos PDR,2013
105.0294258,17.84076397,11,3,Laos PDR,2013
103.6753897,18.37136312,11,3,Laos PDR,2013
102.1552184,18.83900983,11,3,Laos PDR,2013
105.8599771,14.43233893,11,3,Laos PDR,2013
105.1073709,17.87673679,11,3,Laos PDR,2013
105.0536293,17.84975718,11,3,Laos PDR,2013
105.1369204,17.89472321,11,3,Laos PDR,2013
103.5555311,18.41632915,11,3,Laos PDR,2013
102.7662973,18.38035633,11,3,Laos PDR,2013
101.8233429,18.84800303,11,3,Laos PDR,2013
102.7291585,18.6501525,11,3,Laos PDR,2013
103.6801278,18.37136312,11,3,Laos PDR,2013
101.7923047,18.62317289,11,3,Laos PDR,2013
102.6843694,18.88847246,11,3,Laos PDR,2013
105.3994615,17.64291344,11,3,Laos PDR,2013
102.6254042,18.62766949,11,3,Laos PDR,2013
105.186218,16.54124571,11,3,Laos PDR,2013
105.2022085,17.77331493,11,3,Laos PDR,2013
101.5342496,17.84975718,11,3,Laos PDR,2013
101.8010291,18.6456559,11,3,Laos PDR,2013
102.6244016,18.45230197,11,3,Laos PDR,2013
105.1212888,17.90821301,11,3,Laos PDR,2013
105.2939995,17.76881832,11,3,Laos PDR,2013
102.2006268,20.06208583,11,3,Laos PDR,2013
105.9042002,14.92696525,11,3,Laos PDR,2013
101.4259394,18.00713828,11,3,Laos PDR,2013
105.0397551,17.8902266,11,3,Laos PDR,2013
101.7261953,17.91270962,11,3,Laos PDR,2013
100.3308666,20.39933106,11,3,Laos PDR,2013
105.6983386,15.19676143,11,3,Laos PDR,2013
101.4194457,17.97116546,11,3,Laos PDR,2013
106.7862044,15.04387693,11,3,Laos PDR,2013
102.4910466,18.44330877,11,3,Laos PDR,2013
103.7139837,18.44330877,11,3,Laos PDR,2013
101.5540913,17.81828096,11,3,Laos PDR,2013
104.9636443,17.95317904,11,3,Laos PDR,2013
101.804374,18.65914571,11,3,Laos PDR,2013
101.9582475,18.10156694,11,3,Laos PDR,2013
103.2408924,18.35787331,11,3,Laos PDR,2013
105.8285228,15.08434636,11,3,Laos PDR,2013
105.7958252,14.06811409,11,3,Laos PDR,2013
105.8642802,15.04387693,11,3,Laos PDR,2013
102.8491803,17.96666885,11,3,Laos PDR,2013
105.3169136,16.5142661,11,3,Laos PDR,2013
102.7726748,18.89296906,11,3,Laos PDR,2013
102.6647907,18.96491471,11,3,Laos PDR,2013
102.5386369,18.41183255,11,3,Laos PDR,2013
105.8595764,14.13556313,11,3,Laos PDR,2013
105.1950686,17.80928775,11,3,Laos PDR,2013
104.9402865,17.13929391,11,3,Laos PDR,2013
104.8387407,17.00889242,11,3,Laos PDR,2013
104.3921249,17.76881832,11,3,Laos PDR,2013
105.1988918,17.83177076,11,3,Laos PDR,2013
105.3691273,16.31641557,11,3,Laos PDR,2013
104.9668642,17.82277756,11,3,Laos PDR,2013
102.8517982,17.97116546,11,3,Laos PDR,2013
105.0418606,17.81378435,11,3,Laos PDR,2013
102.9484196,18.00713828,11,3,Laos PDR,2013
104.9587351,17.1303007,11,3,Laos PDR,2013
102.5617785,18.69511853,11,3,Laos PDR,2013
105.886518,14.98542109,11,3,Laos PDR,2013
102.6268349,18.67713212,11,3,Laos PDR,2013
102.1796962,18.84800303,11,3,Laos PDR,2013
102.8054997,18.91545208,11,3,Laos PDR,2013
105.2580018,16.04661939,11,3,Laos PDR,2013
105.187694,17.80479115,11,3,Laos PDR,2013
102.5536108,18.68162872,11,3,Laos PDR,2013
105.2550426,16.35688499,11,3,Laos PDR,2013
106.7717921,15.07085655,11,3,Laos PDR,2013
105.1301344,17.89921981,11,3,Laos PDR,2013
102.4355175,18.28592766,11,3,Laos PDR,2013
105.2036154,17.83177076,11,3,Laos PDR,2013
101.4164307,17.95767565,11,3,Laos PDR,2013
105.0394573,17.84975718,11,3,Laos PDR,2013
105.3050906,17.64291344,11,3,Laos PDR,2013
106.7942252,14.98542109,11,3,Laos PDR,2013
102.5535634,18.6501525,11,3,Laos PDR,2013
105.8401004,14.06361748,11,3,Laos PDR,2013
105.2145438,17.81828096,11,3,Laos PDR,2013
102.7933814,18.85699624,11,3,Laos PDR,2013
105.5234684,15.35863914,11,3,Laos PDR,2013
102.1723822,19.92269114,11,3,Laos PDR,2013
105.8414045,14.43233893,11,3,Laos PDR,2013
105.3136516,16.2129937,11,3,Laos PDR,2013
105.9357909,16.59070835,11,3,Laos PDR,2013
102.0150294,19.84175229,11,3,Laos PDR,2013
103.6835378,18.35337671,11,3,Laos PDR,2013
104.4246586,17.71935569,11,3,Laos PDR,2013
101.5283952,18.32190049,11,3,Laos PDR,2013
101.4168739,17.91720622,11,3,Laos PDR,2013
105.8582089,14.41884912,11,3,Laos PDR,2013
102.7369636,18.91994868,11,3,Laos PDR,2013
104.9683301,16.30292576,11,3,Laos PDR,2013
105.9026414,13.97818203,11,3,Laos PDR,2013
105.1892887,16.46930007,11,3,Laos PDR,2013
102.7325791,18.66364231,11,3,Laos PDR,2013
104.9334655,17.92619943,11,3,Laos PDR,2013
106.7988801,14.98542109,11,3,Laos PDR,2013
104.0029865,18.34888011,11,3,Laos PDR,2013
105.8600301,14.12656992,11,3,Laos PDR,2013
102.7773306,18.9469283,11,3,Laos PDR,2013
102.6513141,18.497268,11,3,Laos PDR,2013
103.7302511,18.3443835,11,3,Laos PDR,2013
101.8198245,18.74008456,11,3,Laos PDR,2013
102.7854002,18.87498265,11,3,Laos PDR,2013
103.76545,18.3398869,11,3,Laos PDR,2013
105.8677279,14.66166568,11,3,Laos PDR,2013
105.1483019,16.07809561,11,3,Laos PDR,2013
103.0667729,18.08807713,11,3,Laos PDR,2013
102.0868029,20.07107904,11,3,Laos PDR,2013
105.8644724,14.27495782,11,3,Laos PDR,2013
102.1756693,18.85699624,11,3,Laos PDR,2013
105.0518669,17.89472321,11,3,Laos PDR,2013
105.2872965,17.66089985,11,3,Laos PDR,2013
102.5942478,18.65464911,11,3,Laos PDR,2013
105.0061851,17.95317904,11,3,Laos PDR,2013
105.8501223,15.05287013,11,3,Laos PDR,2013
105.2554758,17.71935569,11,3,Laos PDR,2013
101.6599604,19.22571768,11,3,Laos PDR,2013
102.5433808,18.60968308,11,3,Laos PDR,2013
105.9119596,14.81005357,11,3,Laos PDR,2013
102.8937647,18.53773743,11,3,Laos PDR,2013
102.6125413,18.6456559,11,3,Laos PDR,2013
101.6037844,17.87224019,11,3,Laos PDR,2013
105.2055992,16.34339518,11,3,Laos PDR,2013
103.4783384,18.42981896,11,3,Laos PDR,2013
102.9368613,18.01163488,12,3,Laos PDR,2013
105.2006767,16.80654529,12,3,Laos PDR,2013
104.8312775,16.86050452,12,3,Laos PDR,2013
104.7596008,17.45855272,12,3,Laos PDR,2013
100.1880407,20.30490239,12,3,Laos PDR,2013
102.0102099,18.14203637,12,3,Laos PDR,2013
105.7156025,15.50702703,12,3,Laos PDR,2013
105.5138112,15.38561875,12,3,Laos PDR,2013
104.1910495,18.02962129,12,3,Laos PDR,2013
105.9357234,16.92795357,12,3,Laos PDR,2013
102.4591694,18.35787331,12,3,Laos PDR,2013
101.6580883,18.10606355,12,3,Laos PDR,2013
102.0505842,18.61867628,12,3,Laos PDR,2013
102.4974337,18.25445144,12,3,Laos PDR,2013
105.253702,16.5187627,12,3,Laos PDR,2013
104.9390235,16.77506907,12,3,Laos PDR,2013
102.3194458,18.04760771,12,3,Laos PDR,2013
105.313216,16.33440198,12,3,Laos PDR,2013
101.526028,19.02337055,12,3,Laos PDR,2013
102.6044669,17.85425378,12,3,Laos PDR,2013
103.6279785,18.40283934,12,3,Laos PDR,2013
103.133383,18.16901599,12,3,Laos PDR,2013
106.2286814,15.71387077,12,3,Laos PDR,2013
105.989109,13.96469222,12,3,Laos PDR,2013
103.6236856,19.63940515,12,3,Laos PDR,2013
105.8739788,14.03663787,12,3,Laos PDR,2013
101.9336004,18.08358053,12,3,Laos PDR,2013
102.3559051,20.49375972,12,3,Laos PDR,2013
105.1624199,16.08708882,12,3,Laos PDR,2013
105.81622,15.46655761,12,3,Laos PDR,2013
105.7579559,15.12031918,12,3,Laos PDR,2013
100.1630466,20.29590919,12,3,Laos PDR,2013
105.7991517,14.18502576,12,3,Laos PDR,2013
105.8790952,14.02764466,12,3,Laos PDR,2013
101.2549578,19.81926927,12,3,Laos PDR,2013
104.801787,17.02687883,12,3,Laos PDR,2013
104.9735155,16.57272194,12,3,Laos PDR,2013
105.8046238,14.07710729,12,3,Laos PDR,2013
105.3074209,16.90547055,12,3,Laos PDR,2013
105.7401245,15.20575464,12,3,Laos PDR,2013
101.66755,18.10606355,12,3,Laos PDR,2013
105.2373904,16.77956567,12,3,Laos PDR,2013
105.9133925,15.65541493,12,3,Laos PDR,2013
105.7320309,15.49353722,12,3,Laos PDR,2013
105.2049397,17.62492703,12,3,Laos PDR,2013
100.5368262,20.87147437,12,3,Laos PDR,2013
106.7259751,15.47555081,12,3,Laos PDR,2013
103.6579483,19.62591535,12,3,Laos PDR,2013
104.4695898,20.74107288,12,3,Laos PDR,2013
100.2687468,20.42181407,12,3,Laos PDR,2013
105.099477,17.06285166,12,3,Laos PDR,2013
101.3815609,20.97489623,12,3,Laos PDR,2013
106.7427459,14.78757056,12,3,Laos PDR,2013
102.7731768,17.91720622,12,3,Laos PDR,2013
103.8324844,18.31740388,12,3,Laos PDR,2013
102.5470961,18.17800919,12,3,Laos PDR,2013
105.8294535,14.22999179,12,3,Laos PDR,2013
104.5477683,18.16002278,12,3,Laos PDR,2013
105.3062168,17.26969539,12,3,Laos PDR,2013
105.2570162,16.55923213,12,3,Laos PDR,2013
102.164523,19.89571152,12,3,Laos PDR,2013
105.0023159,16.59970155,12,3,Laos PDR,2013
105.9331195,14.01415485,12,3,Laos PDR,2013
101.3094527,18.30391408,12,3,Laos PDR,2013
104.3994713,17.7328455,12,3,Laos PDR,2013
105.1411281,16.26695293,12,3,Laos PDR,2013
105.5106628,16.04661939,12,3,Laos PDR,2013
105.7199897,15.55199306,12,3,Laos PDR,2013
105.6363047,17.1303007,12,3,Laos PDR,2013
102.7441978,18.15102957,12,3,Laos PDR,2013
103.7749244,18.3398869,12,3,Laos PDR,2013
104.7937184,17.38660707,12,3,Laos PDR,2013
104.9905813,17.71036248,12,3,Laos PDR,2013
104.8532584,16.42883064,12,3,Laos PDR,2013
101.3704539,18.12404996,12,3,Laos PDR,2013
103.1591114,18.23646503,12,3,Laos PDR,2013
100.5674392,20.26892957,12,3,Laos PDR,2013
101.7062618,18.16451938,12,3,Laos PDR,2013
102.1107625,19.8642353,12,3,Laos PDR,2013
104.2428512,18.16451938,12,3,Laos PDR,2013
101.7060669,18.07458732,12,3,Laos PDR,2013
100.8345131,20.08906545,12,3,Laos PDR,2013
102.9473743,18.02962129,12,3,Laos PDR,2013
105.2261968,16.54574232,12,3,Laos PDR,2013
101.9048354,19.72933721,12,3,Laos PDR,2013
104.6037725,17.5889542,12,3,Laos PDR,2013
103.0351985,19.42806482,12,3,Laos PDR,2013
105.0443145,16.3658782,12,3,Laos PDR,2013
105.1097884,16.58171514,12,3,Laos PDR,2013
106.2473467,15.70487756,12,3,Laos PDR,2013
105.8579667,14.36938648,12,3,Laos PDR,2013
105.0434628,16.55473552,12,3,Laos PDR,2013
102.7478248,18.13304316,12,3,Laos PDR,2013
105.2748234,16.09608202,12,3,Laos PDR,2013
105.1440118,16.63567438,12,3,Laos PDR,2013
105.8506908,14.43233893,12,3,Laos PDR,2013
105.8366962,14.17603256,12,3,Laos PDR,2013
104.8239774,16.99090601,12,3,Laos PDR,2013
104.7935119,16.49178308,12,3,Laos PDR,2013
103.6218137,19.64390176,12,3,Laos PDR,2013
101.4125585,18.11505675,12,3,Laos PDR,2013
101.734079,18.1959956,12,3,Laos PDR,2013
105.1091717,16.64916419,12,3,Laos PDR,2013
104.9638144,17.13929391,12,3,Laos PDR,2013
105.1008755,16.23547671,12,3,Laos PDR,2013
106.7505342,14.75609434,12,3,Laos PDR,2013
105.5572153,16.72110983,12,3,Laos PDR,2013
105.7261453,15.20575464,12,3,Laos PDR,2013
105.7113414,15.99266015,12,3,Laos PDR,2013
105.2468692,16.41983743,12,3,Laos PDR,2013
105.7231293,16.32990538,12,3,Laos PDR,2013
105.3140344,16.23997332,12,3,Laos PDR,2013
105.0488466,16.35688499,12,3,Laos PDR,2013
105.3970446,16.91446376,12,3,Laos PDR,2013
104.1117682,18.15102957,12,3,Laos PDR,2013
105.8148427,14.05912088,12,3,Laos PDR,2013
105.2987342,16.78855888,12,3,Laos PDR,2013
105.7633017,14.65716907,12,3,Laos PDR,2013
105.0237893,17.22023276,12,3,Laos PDR,2013
105.3819661,16.88748414,12,3,Laos PDR,2013
105.7789962,16.60419816,12,3,Laos PDR,2013
101.5497694,17.82727416,12,3,Laos PDR,2013
106.0041312,16.5187627,12,3,Laos PDR,2013
105.193199,16.79305548,12,3,Laos PDR,2013
104.8056293,17.1258041,12,3,Laos PDR,2013
107.1094508,15.27770028,12,3,Laos PDR,2013
105.1019003,16.43782385,12,3,Laos PDR,2013
100.1409633,20.29141258,12,3,Laos PDR,2013
105.9936409,15.4485712,12,3,Laos PDR,2013
104.0666027,18.3443835,12,3,Laos PDR,2013
105.1716416,16.27144954,12,3,Laos PDR,2013
105.9381213,16.30292576,12,3,Laos PDR,2013
107.1178339,14.85951621,12,3,Laos PDR,2013
105.1397997,16.65366079,12,3,Laos PDR,2013
106.8880575,14.74260453,12,3,Laos PDR,2013
102.1771651,19.92269114,12,3,Laos PDR,2013
101.6450012,17.89472321,12,3,Laos PDR,2013
106.9248929,14.96743468,12,3,Laos PDR,2013
105.8488993,14.07261069,12,3,Laos PDR,2013
105.1973831,16.40634763,12,3,Laos PDR,2013
105.8806915,14.04113447,12,3,Laos PDR,2013
105.7524667,15.16528521,12,3,Laos PDR,2013
104.8350931,17.21123956,12,3,Laos PDR,2013
105.237899,16.93245017,12,3,Laos PDR,2013
102.6668187,17.87224019,12,3,Laos PDR,2013
105.3463425,16.94144338,12,3,Laos PDR,2013
104.9486693,16.92795357,12,3,Laos PDR,2013
102.5101321,18.26794125,12,3,Laos PDR,2013
106.0008396,16.968423,12,3,Laos PDR,2013
106.8790387,15.06186334,12,3,Laos PDR,2013
104.8320584,17.13929391,12,3,Laos PDR,2013
104.9498342,17.19774975,12,3,Laos PDR,2013
102.047147,18.63666269,12,3,Laos PDR,2013
103.0720583,18.09707034,12,3,Laos PDR,2013
104.8128694,17.1303007,12,3,Laos PDR,2013
102.1993444,19.80128286,12,3,Laos PDR,2013
100.1531856,20.25094316,12,3,Laos PDR,2013
104.0760843,18.31290728,12,3,Laos PDR,2013
105.0901601,16.64017098,12,3,Laos PDR,2013
106.2473661,15.71387077,12,3,Laos PDR,2013
102.6066225,17.93968924,12,3,Laos PDR,2013
103.5589294,18.39834274,12,3,Laos PDR,2013
106.0371451,15.69588436,12,3,Laos PDR,2013
104.8530949,16.41983743,12,3,Laos PDR,2013
105.8261938,14.06361748,12,3,Laos PDR,2013
105.0281468,16.37936801,12,3,Laos PDR,2013
106.8680653,15.02139391,12,3,Laos PDR,2013
105.1829208,17.61143722,12,3,Laos PDR,2013
101.4912662,19.00538414,12,3,Laos PDR,2013
105.8659699,16.01963977,12,3,Laos PDR,2013
105.5419969,15.74984359,12,3,Laos PDR,2013
103.2118292,18.34888011,12,3,Laos PDR,2013
105.6906856,15.23723086,12,3,Laos PDR,2013
105.0153165,16.55473552,12,3,Laos PDR,2013
105.2107495,16.2219869,12,3,Laos PDR,2013
101.3369146,20.04409942,12,3,Laos PDR,2013
106.5288581,14.7021351,12,3,Laos PDR,2013
103.6841715,18.39384613,12,3,Laos PDR,2013
104.8165716,17.04486525,12,3,Laos PDR,2013
104.0436271,20.41282086,12,3,Laos PDR,2013
101.6306681,19.02337055,12,3,Laos PDR,2013
104.9808509,17.15278372,12,3,Laos PDR,2013
104.9125178,16.6671506,12,3,Laos PDR,2013
106.1789691,16.64017098,12,3,Laos PDR,2013
101.5548968,17.83626737,12,3,Laos PDR,2013
105.1352709,16.46480346,12,3,Laos PDR,2013
106.6993846,14.75609434,12,3,Laos PDR,2013
100.4426428,20.24644655,12,3,Laos PDR,2013
102.6590204,18.15102957,12,3,Laos PDR,2013
105.1609098,17.63841684,12,3,Laos PDR,2013
100.7844376,19.89121492,12,3,Laos PDR,2013
105.915473,13.95569901,12,3,Laos PDR,2013
101.9689067,19.76980664,12,3,Laos PDR,2013
105.1427626,16.6761438,12,3,Laos PDR,2013
105.687125,16.40185102,12,3,Laos PDR,2013
102.9400162,18.02512469,12,3,Laos PDR,2013
106.6625278,14.66166568,12,3,Laos PDR,2013
105.8567795,14.51327778,12,3,Laos PDR,2013
105.2320009,16.59070835,12,3,Laos PDR,2013
104.8515398,16.9729196,12,3,Laos PDR,2013
102.5707754,17.97566206,13,3,Laos PDR,2013
102.5901832,17.98465527,13,3,Laos PDR,2013
102.4316988,18.40733594,13,3,Laos PDR,2013
104.9757058,18.1870024,13,3,Laos PDR,2013
101.7052465,19.2526973,13,3,Laos PDR,2013
103.1658288,19.44605123,13,3,Laos PDR,2013
103.086761,19.3965886,13,3,Laos PDR,2013
102.4501173,18.50176461,13,3,Laos PDR,2013
102.6234095,17.94418584,13,3,Laos PDR,2013
104.8137157,17.20674295,13,3,Laos PDR,2013
102.5733875,17.98015866,13,3,Laos PDR,2013
105.785733,15.12931238,13,3,Laos PDR,2013
102.6229209,17.93519263,13,3,Laos PDR,2013
102.1348123,19.88671832,13,3,Laos PDR,2013
102.6198298,17.92170282,13,3,Laos PDR,2013
102.6084976,18.01613149,13,3,Laos PDR,2013
102.6115416,17.89921981,13,3,Laos PDR,2013
105.787978,15.13380899,13,3,Laos PDR,2013
102.1358308,19.89571152,13,3,Laos PDR,2013
102.6390726,17.97116546,13,3,Laos PDR,2013
102.5828425,17.98015866,13,3,Laos PDR,2013
101.6548796,17.90371641,13,3,Laos PDR,2013
102.6038669,17.97566206,13,3,Laos PDR,2013
103.0839129,19.39209199,13,3,Laos PDR,2013
103.1925315,19.45054783,13,3,Laos PDR,2013
102.6285069,17.99364847,13,3,Laos PDR,2013
106.5851674,14.68414869,13,3,Laos PDR,2013
103.2077912,19.45954104,13,3,Laos PDR,2013
103.1686877,19.45054783,13,3,Laos PDR,2013
102.6369584,17.97566206,13,3,Laos PDR,2013
102.5544776,17.98015866,13,3,Laos PDR,2013
102.5670451,17.99364847,13,3,Laos PDR,2013
102.65651,18.1870024,13,3,Laos PDR,2013
101.4034008,20.99288265,13,3,Laos PDR,2013
105.9045286,14.21200538,13,3,Laos PDR,2013
102.5918002,17.97116546,13,3,Laos PDR,2013
103.6564374,18.37136312,13,3,Laos PDR,2013
103.6519803,19.59443913,13,3,Laos PDR,2013
106.8233625,14.81904678,13,3,Laos PDR,2013
104.1952914,18.22747183,13,3,Laos PDR,2013
102.1185846,19.89121492,13,3,Laos PDR,2013
102.6167449,17.90821301,13,3,Laos PDR,2013
103.6516993,18.37136312,13,3,Laos PDR,2013
102.6473533,18.0341179,13,3,Laos PDR,2013
102.6175517,17.96666885,13,3,Laos PDR,2013
101.4927334,19.02337055,13,3,Laos PDR,2013
102.6605104,18.01613149,13,3,Laos PDR,2013
102.5833418,17.98915187,13,3,Laos PDR,2013
102.5986432,17.96666885,13,3,Laos PDR,2013
105.9041013,14.22099859,13,3,Laos PDR,2013
104.971654,18.1959956,13,3,Laos PDR,2013
102.578115,17.98015866,13,3,Laos PDR,2013
102.5528615,17.99364847,13,3,Laos PDR,2013
101.5059438,18.9514249,13,3,Laos PDR,2013
105.8632342,14.89099243,13,3,Laos PDR,2013
104.7530153,16.57272194,13,3,Laos PDR,2013
104.5964534,17.5844576,13,3,Laos PDR,2013
101.7116405,19.27068371,13,3,Laos PDR,2013
102.1435144,19.90020813,13,3,Laos PDR,2013
102.6101001,18.00264168,13,3,Laos PDR,2013
102.1109035,19.88671832,13,3,Laos PDR,2013
102.5575894,17.99364847,13,3,Laos PDR,2013
102.1138027,19.89121492,13,3,Laos PDR,2013
102.6332348,17.99364847,13,3,Laos PDR,2013
104.7532182,16.58171514,13,3,Laos PDR,2013
101.7044351,19.24370409,13,3,Laos PDR,2013
102.6196675,17.96217225,13,3,Laos PDR,2013
105.8067785,15.12481578,13,3,Laos PDR,2013
103.6596496,19.59893573,13,3,Laos PDR,2013
104.8113166,17.40909009,13,3,Laos PDR,2013
102.1233665,19.89121492,13,3,Laos PDR,2013
102.5738864,17.98915187,13,3,Laos PDR,2013
102.5865785,17.96217225,13,3,Laos PDR,2013
102.6149405,17.96217225,13,3,Laos PDR,2013
106.2717827,15.37212894,13,3,Laos PDR,2013
102.447298,18.9514249,13,3,Laos PDR,2013
102.6172256,17.91720622,13,3,Laos PDR,2013
102.6583742,18.06109752,13,3,Laos PDR,2013
102.6505183,17.87673679,13,3,Laos PDR,2013
102.6783507,18.0386145,13,3,Laos PDR,2013
102.4229481,18.51975102,13,3,Laos PDR,2013
106.9327741,14.81455018,13,3,Laos PDR,2013
103.1516397,19.37860218,13,3,Laos PDR,2013
102.6102135,17.96217225,13,3,Laos PDR,2013
102.5913055,17.96217225,13,3,Laos PDR,2013
102.6165648,17.94868244,13,3,Laos PDR,2013
102.6610741,18.33089369,13,3,Laos PDR,2013
105.1498231,16.90097395,13,3,Laos PDR,2013
102.6107091,17.97116546,13,3,Laos PDR,2013
102.6307447,17.94868244,13,3,Laos PDR,2013
102.646058,17.83626737,13,3,Laos PDR,2013
105.8206268,14.61220304,14,3,Laos PDR,2013
104.7828942,16.8155385,14,3,Laos PDR,2013
104.9670244,16.49178308,14,3,Laos PDR,2013
105.2007252,16.45581026,14,3,Laos PDR,2013
105.1648188,16.28493935,14,3,Laos PDR,2013
105.3723609,16.47829327,14,3,Laos PDR,2013
106.562604,16.60419816,14,3,Laos PDR,2013
104.0927996,20.4712767,14,3,Laos PDR,2013
104.8867606,16.46480346,14,3,Laos PDR,2013
101.5457642,17.94418584,14,3,Laos PDR,2013
106.3093802,16.68064041,14,3,Laos PDR,2013
104.368205,20.62865781,14,3,Laos PDR,2013
102.4009034,20.45329029,14,3,Laos PDR,2013
106.2861132,15.1517954,14,3,Laos PDR,2013
102.6417018,20.54771895,14,3,Laos PDR,2013
106.7229239,15.24172746,14,3,Laos PDR,2013
105.8570106,16.2219869,14,3,Laos PDR,2013
106.2691678,15.87125187,14,3,Laos PDR,2013
102.4383613,18.21847862,14,3,Laos PDR,2013
106.188486,16.28943595,14,3,Laos PDR,2013
104.963557,18.21398202,14,3,Laos PDR,2013
105.160263,17.05385845,14,3,Laos PDR,2013
102.7158227,18.26344465,14,3,Laos PDR,2013
104.8964978,16.48278988,14,3,Laos PDR,2013
102.5022826,18.10156694,14,3,Laos PDR,2013
102.5118962,18.47028839,14,3,Laos PDR,2013
105.000631,16.52775591,14,3,Laos PDR,2013
105.2646931,17.59794741,14,3,Laos PDR,2013
103.7268298,18.42532236,14,3,Laos PDR,2013
105.730132,16.00165336,14,3,Laos PDR,2013
102.2715218,18.16002278,14,3,Laos PDR,2013
102.097903,21.6808629,14,3,Laos PDR,2013
105.4193843,16.04212279,14,3,Laos PDR,2013
103.1526761,18.28143106,14,3,Laos PDR,2013
102.5769984,18.45230197,14,3,Laos PDR,2013
102.7730245,18.11955335,14,3,Laos PDR,2013
105.5916535,15.16978181,14,3,Laos PDR,2013
102.8932573,18.0341179,14,3,Laos PDR,2013
105.8774627,14.45931854,14,3,Laos PDR,2013
102.1122954,20.57469857,14,3,Laos PDR,2013
103.692901,19.57645271,14,3,Laos PDR,2013
104.9639176,16.32091217,14,3,Laos PDR,2013
104.9136434,16.99989922,14,3,Laos PDR,2013
102.2459943,21.25818222,14,3,Laos PDR,2013
104.7799936,16.5187627,14,3,Laos PDR,2013
103.9970534,20.79503212,14,3,Laos PDR,2013
103.8540911,18.35337671,14,3,Laos PDR,2013
104.9616814,16.56822533,14,3,Laos PDR,2013
104.4946747,17.86324699,14,3,Laos PDR,2013
105.9915547,16.28044274,14,3,Laos PDR,2013
106.3943776,15.64642173,14,3,Laos PDR,2013
102.6789438,18.12854656,14,3,Laos PDR,2013
101.865596,18.25894805,14,3,Laos PDR,2013
107.0187177,14.81904678,14,3,Laos PDR,2013
101.5244483,18.41183255,14,3,Laos PDR,2013
106.4373932,16.64916419,14,3,Laos PDR,2013
105.603462,16.53225251,14,3,Laos PDR,2013
101.1948002,18.40733594,14,3,Laos PDR,2013
105.4446628,16.55923213,14,3,Laos PDR,2013
101.6623494,18.00713828,14,3,Laos PDR,2013
105.8736715,15.71387077,14,3,Laos PDR,2013
103.2064342,19.64390176,14,3,Laos PDR,2013
105.0597117,17.1258041,14,3,Laos PDR,2013
102.5322682,18.12854656,14,3,Laos PDR,2013
105.1182495,16.30292576,14,3,Laos PDR,2013
105.872064,16.57721854,14,3,Laos PDR,2013
102.5467921,18.32190049,14,3,Laos PDR,2013
105.8802739,14.95394487,14,3,Laos PDR,2013
102.6557779,21.73032553,14,3,Laos PDR,2013
105.4205509,15.81279603,14,3,Laos PDR,2013
105.8199587,15.72736058,14,3,Laos PDR,2013
105.5359469,16.71661323,14,3,Laos PDR,2013
105.8577972,15.52951005,14,3,Laos PDR,2013
105.3915266,16.59070835,14,3,Laos PDR,2013
101.4694551,18.32639709,14,3,Laos PDR,2013
104.4860493,19.81926927,14,3,Laos PDR,2013
101.4801518,17.74633531,14,3,Laos PDR,2013
102.2826011,18.54673064,14,3,Laos PDR,2013
102.7656884,18.56921365,14,3,Laos PDR,2013
104.2837166,18.10606355,14,3,Laos PDR,2013
101.3512742,20.04409942,14,3,Laos PDR,2013
104.8735647,16.86050452,14,3,Laos PDR,2013
105.2915387,16.70762002,14,3,Laos PDR,2013
103.9646531,20.88046757,14,3,Laos PDR,2013
102.3979033,20.48476651,14,3,Laos PDR,2013
101.3605164,18.11505675,14,3,Laos PDR,2013
101.8085769,20.88046757,14,3,Laos PDR,2013
105.7274692,16.42433404,14,3,Laos PDR,2013
107.006766,14.94495166,14,3,Laos PDR,2013
105.8697597,14.11757672,14,3,Laos PDR,2013
104.3606661,17.79579794,14,3,Laos PDR,2013
102.4338967,20.4667801,14,3,Laos PDR,2013
105.039989,16.69413022,14,3,Laos PDR,2013
105.0707458,18.31290728,14,3,Laos PDR,2013
106.0716711,15.16078861,14,3,Laos PDR,2013
104.843776,17.01788563,14,3,Laos PDR,2013
101.9848337,19.91369794,14,3,Laos PDR,2013
102.4965358,18.91545208,14,3,Laos PDR,2013
104.8142655,17.37311726,14,3,Laos PDR,2013
100.725222,20.05309263,14,3,Laos PDR,2013
105.3952059,16.45131366,14,3,Laos PDR,2013
103.0313274,18.56921365,14,3,Laos PDR,2013
101.4489042,17.7328455,14,3,Laos PDR,2013
105.2869917,16.43332724,14,3,Laos PDR,2013
105.5031227,17.20224635,14,3,Laos PDR,2013
102.3509121,19.12679242,14,3,Laos PDR,2013
105.8689446,16.35688499,14,3,Laos PDR,2013
102.2899961,18.77156078,14,3,Laos PDR,2013
102.2605096,20.21946694,14,3,Laos PDR,2013
103.3807375,19.04585356,14,3,Laos PDR,2013
105.6749635,16.25795973,14,3,Laos PDR,2013
101.9105451,18.3353903,14,3,Laos PDR,2013
101.2211823,18.11955335,14,3,Laos PDR,2013
100.9933212,17.66989306,14,3,Laos PDR,2013
106.4299026,16.63567438,14,3,Laos PDR,2013
101.7535247,18.24545824,14,3,Laos PDR,2013
101.4800127,20.38134464,14,3,Laos PDR,2013
102.6358741,17.86774359,14,3,Laos PDR,2013
101.4611062,20.12503827,14,3,Laos PDR,2013
104.2826308,17.87224019,14,3,Laos PDR,2013
101.5813819,19.19873806,14,3,Laos PDR,2013
105.1625457,16.28943595,14,3,Laos PDR,2013
105.7871661,15.05736674,14,3,Laos PDR,2013
104.2194676,17.95767565,14,3,Laos PDR,2013
105.8486661,14.12207332,14,3,Laos PDR,2013
105.4776779,16.73010304,14,3,Laos PDR,2013
101.9846068,18.52424762,14,3,Laos PDR,2013
105.5367344,16.58171514,14,3,Laos PDR,2013
102.5838438,17.99814507,14,3,Laos PDR,2013
104.9730246,18.21398202,14,3,Laos PDR,2013
102.8407434,18.21847862,14,3,Laos PDR,2013
105.0479218,16.64017098,14,3,Laos PDR,2013
105.3903997,15.89823149,14,3,Laos PDR,2013
102.8060349,18.0386145,14,3,Laos PDR,2013
105.785759,15.26870708,14,3,Laos PDR,2013
103.8270517,18.43431556,14,3,Laos PDR,2013
105.1214017,16.8245317,14,3,Laos PDR,2013
105.0011848,16.81104189,14,3,Laos PDR,2013
102.4758418,18.24995484,14,3,Laos PDR,2013
105.5585523,15.19676143,14,3,Laos PDR,2013
103.4126532,18.43881216,14,3,Laos PDR,2013
101.7756259,18.41183255,14,3,Laos PDR,2013
101.8262932,19.2482007,14,3,Laos PDR,2013
105.7883807,16.60419816,14,3,Laos PDR,2013
102.3103059,18.29042427,14,3,Laos PDR,2013
101.1711084,21.16825016,14,3,Laos PDR,2013
105.0382054,16.27594614,14,3,Laos PDR,2013
101.3336165,18.05210431,14,3,Laos PDR,2013
102.4389209,18.22747183,14,3,Laos PDR,2013
107.0280203,14.81904678,14,3,Laos PDR,2013
100.566047,19.76531004,14,3,Laos PDR,2013
105.0042355,16.75708266,14,3,Laos PDR,2013
104.9552071,16.48728648,14,3,Laos PDR,2013
105.7313496,15.81729264,14,3,Laos PDR,2013
101.5868548,18.53324083,14,3,Laos PDR,2013
102.8294896,19.91819454,14,3,Laos PDR,2013
105.2838367,16.39285782,14,3,Laos PDR,2013
105.6501375,15.156292,14,3,Laos PDR,2013
107.0564196,14.90448224,14,3,Laos PDR,2013
105.3190082,16.90097395,14,3,Laos PDR,2013
105.41614,16.32540877,14,3,Laos PDR,2013
102.6315783,18.08807713,14,3,Laos PDR,2013
105.2067058,16.26695293,14,3,Laos PDR,2013
102.0961602,18.45679858,14,3,Laos PDR,2013
104.0789822,18.22297522,14,3,Laos PDR,2013
100.1581077,20.27342617,14,3,Laos PDR,2013
104.3229507,17.83626737,14,3,Laos PDR,2013
105.1017227,16.42883064,14,3,Laos PDR,2013
101.263723,20.11604507,14,3,Laos PDR,2013
105.2451724,16.45131366,14,3,Laos PDR,2013
105.5162295,16.60419816,14,3,Laos PDR,2013
107.00841,14.86401281,14,3,Laos PDR,2013
106.9733593,14.98991769,14,3,Laos PDR,2013
102.6727953,18.1825058,14,3,Laos PDR,2013
104.8772191,17.31016482,14,3,Laos PDR,2013
104.9737287,16.58171514,14,3,Laos PDR,2013
104.894563,16.85600792,14,3,Laos PDR,2013
101.4544889,18.42981896,14,3,Laos PDR,2013
102.6447107,18.07009072,14,3,Laos PDR,2013
100.6423612,19.78779305,14,3,Laos PDR,2013
101.0145426,17.79130134,14,3,Laos PDR,2013
104.960664,16.99989922,14,3,Laos PDR,2013
102.3044139,20.57469857,14,3,Laos PDR,2013
104.9452821,16.46030686,14,3,Laos PDR,2013
106.7347699,14.82803999,14,3,Laos PDR,2013
105.2961597,16.91896036,14,3,Laos PDR,2013
105.4026308,16.87399433,14,3,Laos PDR,2013
105.689637,16.14554465,14,3,Laos PDR,2013
101.2121437,19.97665038,14,3,Laos PDR,2013
103.437716,18.42532236,14,3,Laos PDR,2013
105.3011352,16.86050452,14,3,Laos PDR,2013
105.0635286,16.24446992,14,3,Laos PDR,2013
105.8892688,16.01064657,14,3,Laos PDR,2013
105.7155779,14.8460264,14,3,Laos PDR,2013
105.5621788,16.56822533,14,3,Laos PDR,2013
105.18752,16.968423,14,3,Laos PDR,2013
104.8550565,16.62218457,14,3,Laos PDR,2013
102.2265794,18.27693446,14,3,Laos PDR,2013
102.648573,18.17351259,14,3,Laos PDR,2013
105.6018517,15.25521727,14,3,Laos PDR,2013
105.8528275,14.49529137,15,3,Laos PDR,2013
104.2191321,17.98915187,16,3,Laos PDR,2013
104.0825771,18.17351259,16,3,Laos PDR,2013
105.7683448,14.19851557,16,3,Laos PDR,2013
105.8651221,14.36488988,16,3,Laos PDR,2013
105.9675149,13.97818203,16,3,Laos PDR,2013
105.9027524,14.01865145,16,3,Laos PDR,2013
105.3397705,16.03312958,16,3,Laos PDR,2013
103.8805735,18.29492087,16,3,Laos PDR,2013
104.3858382,17.78230813,16,3,Laos PDR,2013
105.8742526,14.67515549,16,3,Laos PDR,2013
105.7523304,14.19401897,16,3,Laos PDR,2013
104.8001308,17.37311726,16,3,Laos PDR,2013
105.8501162,14.2344884,16,3,Laos PDR,2013
104.7062845,17.52150516,16,3,Laos PDR,2013
105.8734966,14.8550196,16,3,Laos PDR,2013
104.1925253,18.01613149,16,3,Laos PDR,2013
105.8349361,14.26146801,16,3,Laos PDR,2013
101.4068804,18.09707034,16,3,Laos PDR,2013
105.0369407,16.17702087,16,3,Laos PDR,2013
105.8737423,14.8460264,16,3,Laos PDR,2013
104.3853068,17.77331493,16,3,Laos PDR,2013
