system:index,Mode,latitude,longitude,x,.geo
0_7302,0,11.628017616443966,108.95356162337033,8.01445187020744E-4,"{""geodesic"":true,""type"":""Point"",""coordinates"":[108.95356162337033,11.628017616443966]}"
0_11311,0,17.399513653861867,104.43952732060491,0.0014817725903769619,"{""geodesic"":true,""type"":""Point"",""coordinates"":[104.43952732060491,17.399513653861867]}"
0_11716,0,18.097774124208797,104.1511681143984,0.0019474315552622246,"{""geodesic"":true,""type"":""Point"",""coordinates"":[104.1511681143984,18.097774124208797]}"
0_13776,0,20.766848496387865,105.9338747957592,0.002730624758472966,"{""geodesic"":true,""type"":""Point"",""coordinates"":[105.9338747957592,20.766848496387865]}"
0_9462,0,15.466159499377556,104.23147750079984,0.002829735206810624,"{""geodesic"":true,""type"":""Point"",""coordinates"":[104.23147750079984,15.466159499377556]}"
0_6447,0,12.626495054743987,101.9267598078297,0.0031543733575749577,"{""geodesic"":true,""type"":""Point"",""coordinates"":[101.9267598078297,12.626495054743987]}"
0_14104,0,15.05383278396621,100.78679771226565,0.0035541270434252814,"{""geodesic"":true,""type"":""Point"",""coordinates"":[100.78679771226565,15.05383278396621]}"
0_13152,0,15.656153181969058,100.1534854369523,0.0038536984447284928,"{""geodesic"":true,""type"":""Point"",""coordinates"":[100.1534854369523,15.656153181969058]}"
0_8043,0,16.38109361625437,103.17505872666011,0.0038765823607205263,"{""geodesic"":true,""type"":""Point"",""coordinates"":[103.17505872666011,16.38109361625437]}"
0_14771,0,22.649537668847778,95.20152243317231,0.004105092846049874,"{""geodesic"":true,""type"":""Point"",""coordinates"":[95.20152243317231,22.649537668847778]}"
0_11233,0,14.69594397477257,99.6589628730374,0.005189520478749876,"{""geodesic"":true,""type"":""Point"",""coordinates"":[99.6589628730374,14.69594397477257]}"
0_9909,0,13.803647403055598,99.25552947893352,0.005205833081352695,"{""geodesic"":true,""type"":""Point"",""coordinates"":[99.25552947893352,13.803647403055598]}"
0_7724,0,19.30349289855544,101.6079477134911,0.005550227225863069,"{""geodesic"":true,""type"":""Point"",""coordinates"":[101.6079477134911,19.30349289855544]}"
0_8790,0,14.106559316861057,101.59770691925199,0.0057913510940375,"{""geodesic"":true,""type"":""Point"",""coordinates"":[101.59770691925199,14.106559316861057]}"
0_13841,0,12.48069848413122,104.01722930553426,0.005839450201386209,"{""geodesic"":true,""type"":""Point"",""coordinates"":[104.01722930553426,12.48069848413122]}"
0_14207,0,8.779190355912366,98.91677478528719,0.006141932485703605,"{""geodesic"":true,""type"":""Point"",""coordinates"":[98.91677478528719,8.779190355912366]}"
0_12907,0,21.590962938040086,101.77341738882829,0.006175510143841434,"{""geodesic"":true,""type"":""Point"",""coordinates"":[101.77341738882829,21.590962938040086]}"
0_6274,0,14.815869065202667,99.59078074297175,0.006274016057983833,"{""geodesic"":true,""type"":""Point"",""coordinates"":[99.59078074297175,14.815869065202667]}"
0_12138,0,15.889804987368821,102.73120114477028,0.006369882049836795,"{""geodesic"":true,""type"":""Point"",""coordinates"":[102.73120114477028,15.889804987368821]}"
0_2711,0,16.046650835976273,104.67398760976347,0.0064656153936641925,"{""geodesic"":true,""type"":""Point"",""coordinates"":[104.67398760976347,16.046650835976273]}"
0_8351,0,17.314353364927236,104.86910168947703,0.00668474449201284,"{""geodesic"":true,""type"":""Point"",""coordinates"":[104.86910168947703,17.314353364927236]}"
0_12638,0,9.115789092872351,99.46869969585815,0.0068459185692777424,"{""geodesic"":true,""type"":""Point"",""coordinates"":[99.46869969585815,9.115789092872351]}"
0_1682,0,12.567475740577269,105.98939068031858,0.007057154663669185,"{""geodesic"":true,""type"":""Point"",""coordinates"":[105.98939068031858,12.567475740577269]}"
0_11748,0,28.129710059625374,97.49168741853951,0.007444260066787112,"{""geodesic"":true,""type"":""Point"",""coordinates"":[97.49168741853951,28.129710059625374]}"
0_10307,0,16.900679176589712,95.61088470815146,0.007605984736279714,"{""geodesic"":true,""type"":""Point"",""coordinates"":[95.61088470815146,16.900679176589712]}"
0_9099,0,14.728552819586147,108.99156035988914,0.00823615229197161,"{""geodesic"":true,""type"":""Point"",""coordinates"":[108.99156035988914,14.728552819586147]}"
0_7725,0,13.677793431750304,99.90581991311699,0.008749822812382346,"{""geodesic"":true,""type"":""Point"",""coordinates"":[99.90581991311699,13.677793431750304]}"
0_10106,0,15.97092285752491,95.36914806519142,0.008821731990874326,"{""geodesic"":true,""type"":""Point"",""coordinates"":[95.36914806519142,15.97092285752491]}"
0_12746,0,15.273201376348455,104.18135150794525,0.009282349781035926,"{""geodesic"":true,""type"":""Point"",""coordinates"":[104.18135150794525,15.273201376348455]}"
0_10274,0,14.878930798147932,105.28681829659861,0.00941979251360714,"{""geodesic"":true,""type"":""Point"",""coordinates"":[105.28681829659861,14.878930798147932]}"
0_8813,0,7.820059127056826,100.04218417324829,0.009481785366532769,"{""geodesic"":true,""type"":""Point"",""coordinates"":[100.04218417324829,7.820059127056826]}"
0_11942,0,14.9770268271739,104.50097208603957,0.009646385338107022,"{""geodesic"":true,""type"":""Point"",""coordinates"":[104.50097208603957,14.9770268271739]}"
0_5460,0,13.323677546749972,102.44149446563758,0.009884758051674103,"{""geodesic"":true,""type"":""Point"",""coordinates"":[102.44149446563758,13.323677546749972]}"
0_2049,0,16.968052822898755,103.06267948461515,0.009902516761802427,"{""geodesic"":true,""type"":""Point"",""coordinates"":[103.06267948461515,16.968052822898755]}"
0_9252,0,15.532994156516127,99.72121612222777,0.010253448709885427,"{""geodesic"":true,""type"":""Point"",""coordinates"":[99.72121612222777,15.532994156516127]}"
0_4266,0,13.093798665543515,101.67208742477816,0.010368779120766836,"{""geodesic"":true,""type"":""Point"",""coordinates"":[101.67208742477816,13.093798665543515]}"
0_8588,0,16.050154265584347,103.49414031558395,0.010601094521324739,"{""geodesic"":true,""type"":""Point"",""coordinates"":[103.49414031558395,16.050154265584347]}"
0_1566,0,15.333837658026594,103.74881269863549,0.010947127907988796,"{""geodesic"":true,""type"":""Point"",""coordinates"":[103.74881269863549,15.333837658026594]}"
0_5144,0,23.10228857204455,96.10918019625971,0.01143477661186365,"{""geodesic"":true,""type"":""Point"",""coordinates"":[96.10918019625971,23.10228857204455]}"
0_3339,0,15.183459679464809,100.66983706227161,0.011612862584739814,"{""geodesic"":true,""type"":""Point"",""coordinates"":[100.66983706227161,15.183459679464809]}"
0_14474,0,21.62626672870602,95.40256539376115,0.011668272584360317,"{""geodesic"":true,""type"":""Point"",""coordinates"":[95.40256539376115,21.62626672870602]}"
0_6105,0,16.318031883309104,95.51925654916995,0.011690545210765513,"{""geodesic"":true,""type"":""Point"",""coordinates"":[95.51925654916995,16.318031883309104]}"
0_11915,0,16.675651197917503,102.49296793141836,0.01179476740672547,"{""geodesic"":true,""type"":""Point"",""coordinates"":[102.49296793141836,16.675651197917503]}"
0_148,0,13.20968133719507,102.72230782345737,0.012109916108881347,"{""geodesic"":true,""type"":""Point"",""coordinates"":[102.72230782345737,13.20968133719507]}"
0_1692,0,24.319056624385873,97.26854590196102,0.012951420083903598,"{""geodesic"":true,""type"":""Point"",""coordinates"":[97.26854590196102,24.319056624385873]}"
0_11517,0,14.730169787097564,104.83649284466303,0.01304608837779564,"{""geodesic"":true,""type"":""Point"",""coordinates"":[104.83649284466303,14.730169787097564]}"
0_4305,0,22.862977380354828,103.94850818629813,0.01322107096324776,"{""geodesic"":true,""type"":""Point"",""coordinates"":[103.94850818629813,22.862977380354828]}"
0_7066,0,11.720184764594737,104.6456906783133,0.013497809990615672,"{""geodesic"":true,""type"":""Point"",""coordinates"":[104.6456906783133,11.720184764594737]}"
0_6592,0,25.552802835597078,98.56831828657222,0.014195184393021698,"{""geodesic"":true,""type"":""Point"",""coordinates"":[98.56831828657222,25.552802835597078]}"
0_2817,0,23.78195391601018,96.26818200155115,0.01427957012460268,"{""geodesic"":true,""type"":""Point"",""coordinates"":[96.26818200155115,23.78195391601018]}"
0_4518,0,18.931859865514753,95.43517423857516,0.014302017968249037,"{""geodesic"":true,""type"":""Point"",""coordinates"":[95.43517423857516,18.931859865514753]}"
0_13308,0,12.511151372262905,109.00584357290684,0.014589097192148293,"{""geodesic"":true,""type"":""Point"",""coordinates"":[109.00584357290684,12.511151372262905]}"
0_6983,0,13.112393791924811,107.00969718003618,0.014658126588647957,"{""geodesic"":true,""type"":""Point"",""coordinates"":[107.00969718003618,13.112393791924811]}"
0_8493,0,10.948891261648807,105.3512275024709,0.014766658722026205,"{""geodesic"":true,""type"":""Point"",""coordinates"":[105.3512275024709,10.948891261648807]}"
0_7858,0,27.398301755294398,97.37337929561927,0.015182896588427863,"{""geodesic"":true,""type"":""Point"",""coordinates"":[97.37337929561927,27.398301755294398]}"
0_13810,0,15.788205528734784,100.34779103291014,0.015477554791101245,"{""geodesic"":true,""type"":""Point"",""coordinates"":[100.34779103291014,15.788205528734784]}"
0_8506,0,16.99365480849619,99.30538597720287,0.016368138933460008,"{""geodesic"":true,""type"":""Point"",""coordinates"":[99.30538597720287,16.99365480849619]}"
0_9758,0,10.545996856720723,105.89533707006991,0.016692656836860165,"{""geodesic"":true,""type"":""Point"",""coordinates"":[105.89533707006991,10.545996856720723]}"
0_4951,0,19.50264939704497,100.01065330677524,0.016874637192273112,"{""geodesic"":true,""type"":""Point"",""coordinates"":[100.01065330677524,19.50264939704497]}"
0_2755,0,20.71968694397153,106.5423935692305,0.0169664703728023,"{""geodesic"":true,""type"":""Point"",""coordinates"":[106.5423935692305,20.71968694397153]}"
0_11711,0,13.83302231284634,102.03213219065843,0.017702874805920366,"{""geodesic"":true,""type"":""Point"",""coordinates"":[102.03213219065843,13.83302231284634]}"
0_2867,0,15.056797224403807,101.31069518597168,0.017876563758464914,"{""geodesic"":true,""type"":""Point"",""coordinates"":[101.31069518597168,15.056797224403807]}"
0_12322,0,13.479714911601716,108.11812840912718,0.017887431223772454,"{""geodesic"":true,""type"":""Point"",""coordinates"":[108.11812840912718,13.479714911601716]}"
0_7821,0,18.04064127213873,99.2221121503638,0.01808115052301229,"{""geodesic"":true,""type"":""Point"",""coordinates"":[99.2221121503638,18.04064127213873]}"
0_3989,0,22.789135864000116,95.3330357907693,0.01813690140694746,"{""geodesic"":true,""type"":""Point"",""coordinates"":[95.3330357907693,22.789135864000116]}"
0_12688,0,16.017006431600294,106.08694772017536,0.019117496659749045,"{""geodesic"":true,""type"":""Point"",""coordinates"":[106.08694772017536,16.017006431600294]}"
0_7848,0,16.515301919701983,96.55303777814954,0.01923707120668261,"{""geodesic"":true,""type"":""Point"",""coordinates"":[96.55303777814954,16.515301919701983]}"
0_693,0,22.21187846242423,94.62803795578218,0.019578342416997074,"{""geodesic"":true,""type"":""Point"",""coordinates"":[94.62803795578218,22.21187846242423]}"
0_8736,0,19.87455192467089,100.07155908303942,0.019845415116914844,"{""geodesic"":true,""type"":""Point"",""coordinates"":[100.07155908303942,19.87455192467089]}"
0_10083,0,20.3909035499834,96.98395961994787,0.020395875419836118,"{""geodesic"":true,""type"":""Point"",""coordinates"":[96.98395961994787,20.3909035499834]}"
0_4451,0,10.085161115966866,99.4711251471253,0.020520273336226746,"{""geodesic"":true,""type"":""Point"",""coordinates"":[99.4711251471253,10.085161115966866]}"
0_2901,0,16.517996865554345,99.67621052649274,0.02058247235237365,"{""geodesic"":true,""type"":""Point"",""coordinates"":[99.67621052649274,16.517996865554345]}"
0_5227,0,16.10108874219398,102.78617804015919,0.021203375380926204,"{""geodesic"":true,""type"":""Point"",""coordinates"":[102.78617804015919,16.10108874219398]}"
0_5693,0,16.323152280428587,99.90285547267935,0.021871156244997914,"{""geodesic"":true,""type"":""Point"",""coordinates"":[99.90285547267935,16.323152280428587]}"
0_13374,0,12.7792984845729,103.56905981028059,0.02189504389153185,"{""geodesic"":true,""type"":""Point"",""coordinates"":[103.56905981028059,12.7792984845729]}"
0_6925,0,14.094971049695902,106.24029013917676,0.02206780380308948,"{""geodesic"":true,""type"":""Point"",""coordinates"":[106.24029013917676,14.094971049695902]}"
0_13383,0,18.907605352843497,105.12700800755145,0.022097519380447905,"{""geodesic"":true,""type"":""Point"",""coordinates"":[105.12700800755145,18.907605352843497]}"
0_5953,0,14.888363108631198,99.96591720562544,0.022278171536258995,"{""geodesic"":true,""type"":""Point"",""coordinates"":[99.96591720562544,14.888363108631198]}"
0_10993,0,16.09704632341544,103.3575065608674,0.02228662842115192,"{""geodesic"":true,""type"":""Point"",""coordinates"":[103.3575065608674,16.09704632341544]}"
0_3332,0,20.29711943432121,95.99356701919187,0.022564841075382924,"{""geodesic"":true,""type"":""Point"",""coordinates"":[95.99356701919187,20.29711943432121]}"
0_14443,0,16.265480439188046,101.91517154066439,0.023040533374687033,"{""geodesic"":true,""type"":""Point"",""coordinates"":[101.91517154066439,16.265480439188046]}"
0_10632,0,17.766295784368303,96.78938452940478,0.023307769023078295,"{""geodesic"":true,""type"":""Point"",""coordinates"":[96.78938452940478,17.766295784368303]}"
0_9006,0,20.924502828751024,106.12602443503512,0.023401779260937117,"{""geodesic"":true,""type"":""Point"",""coordinates"":[106.12602443503512,20.924502828751024]}"
0_1774,0,13.719295597876675,101.95909915805846,0.02354646325658616,"{""geodesic"":true,""type"":""Point"",""coordinates"":[101.95909915805846,13.719295597876675]}"
0_13708,0,21.97984362453588,106.35132190829553,0.023883648225814014,"{""geodesic"":true,""type"":""Point"",""coordinates"":[106.35132190829553,21.97984362453588]}"
0_13566,0,12.319001732989516,104.26489482936957,0.024719851357047018,"{""geodesic"":true,""type"":""Point"",""coordinates"":[104.26489482936957,12.319001732989516]}"
0_12535,0,10.762670503250607,106.11847858664841,0.02507123714639803,"{""geodesic"":true,""type"":""Point"",""coordinates"":[106.11847858664841,10.762670503250607]}"
0_5468,0,14.469568523174184,103.66419139887022,0.02533523375531599,"{""geodesic"":true,""type"":""Point"",""coordinates"":[103.66419139887022,14.469568523174184]}"
0_10557,0,14.614826104616482,100.20684536482976,0.025516042855347254,"{""geodesic"":true,""type"":""Point"",""coordinates"":[100.20684536482976,14.614826104616482]}"
0_12504,0,20.700822323005,100.13947171851983,0.025645951298531533,"{""geodesic"":true,""type"":""Point"",""coordinates"":[100.13947171851983,20.700822323005]}"
0_6616,0,16.735478995839934,107.24280999626855,0.025771761665920767,"{""geodesic"":true,""type"":""Point"",""coordinates"":[107.24280999626855,16.735478995839934]}"
0_13818,0,16.666757876604713,96.14529247068184,0.02601117634038419,"{""geodesic"":true,""type"":""Point"",""coordinates"":[96.14529247068184,16.666757876604713]}"
0_14084,0,13.963727186685885,107.28053923820211,0.026450246392730636,"{""geodesic"":true,""type"":""Point"",""coordinates"":[107.28053923820211,13.963727186685885]}"
0_5300,0,9.863097577732258,106.21226270231183,0.0265120729121473,"{""geodesic"":true,""type"":""Point"",""coordinates"":[106.21226270231183,9.863097577732258]}"
0_554,0,10.56809541271009,105.50133598644943,0.026861672899017863,"{""geodesic"":true,""type"":""Point"",""coordinates"":[105.50133598644943,10.56809541271009]}"
0_607,0,12.896798123735872,104.69312172531549,0.02691154668711626,"{""geodesic"":true,""type"":""Point"",""coordinates"":[104.69312172531549,12.896798123735872]}"
0_3591,0,28.30110861583558,97.34589084792482,0.026943157946017204,"{""geodesic"":true,""type"":""Point"",""coordinates"":[97.34589084792482,28.30110861583558]}"
0_10860,0,16.061203543579026,95.53434824594338,0.02720508955097989,"{""geodesic"":true,""type"":""Point"",""coordinates"":[95.53434824594338,16.061203543579026]}"
0_1185,0,11.720993248350442,105.16877966826361,0.027293425762239587,"{""geodesic"":true,""type"":""Point"",""coordinates"":[105.16877966826361,11.720993248350442]}"
0_11632,0,14.646356971089114,102.02701179353888,0.027597161083550814,"{""geodesic"":true,""type"":""Point"",""coordinates"":[102.02701179353888,14.646356971089114]}"
0_14068,0,14.864647585130415,100.98811016743973,0.02816811537948305,"{""geodesic"":true,""type"":""Point"",""coordinates"":[100.98811016743973,14.864647585130415]}"
0_14004,0,15.57503531181297,100.64234861457716,0.028967222904704104,"{""geodesic"":true,""type"":""Point"",""coordinates"":[100.64234861457716,15.57503531181297]}"
0_10885,0,17.54315426779275,95.793602036944,0.02949184119029513,"{""geodesic"":true,""type"":""Point"",""coordinates"":[95.793602036944,17.54315426779275]}"
0_5951,0,21.050626294641553,104.52280114744399,0.02951371371957756,"{""geodesic"":true,""type"":""Point"",""coordinates"":[104.52280114744399,21.050626294641553]}"
0_2239,0,18.86502520837618,102.55656865353494,0.02975123545167746,"{""geodesic"":true,""type"":""Point"",""coordinates"":[102.55656865353494,18.86502520837618]}"
0_4982,0,17.682213473774617,102.82552424960419,0.03035790798476745,"{""geodesic"":true,""type"":""Point"",""coordinates"":[102.82552424960419,17.682213473774617]}"
0_4934,0,9.658012198367533,106.25996324389926,0.03074693982617971,"{""geodesic"":true,""type"":""Point"",""coordinates"":[106.25996324389926,9.658012198367533]}"
0_7201,0,15.333837658026594,102.87349428577686,0.03080632425583507,"{""geodesic"":true,""type"":""Point"",""coordinates"":[102.87349428577686,15.333837658026594]}"
0_12361,0,11.779204078761456,108.40621812074845,0.031128306801656125,"{""geodesic"":true,""type"":""Point"",""coordinates"":[108.40621812074845,11.779204078761456]}"
0_7707,0,11.530460576588471,106.04679302697464,0.031378756748770664,"{""geodesic"":true,""type"":""Point"",""coordinates"":[106.04679302697464,11.530460576588471]}"
0_13786,0,12.375595595889113,106.53323075333235,0.03144319416342045,"{""geodesic"":true,""type"":""Point"",""coordinates"":[106.53323075333235,12.375595595889113]}"
0_8297,0,6.973307140244767,100.55934428232332,0.03162638123221484,"{""geodesic"":true,""type"":""Point"",""coordinates"":[100.55934428232332,6.973307140244767]}"
0_13696,0,13.625780976799723,103.9951307495446,0.03165808475833476,"{""geodesic"":true,""type"":""Point"",""coordinates"":[103.9951307495446,13.625780976799723]}"
0_3435,0,19.766484595991187,95.0732430105982,0.03176061511440442,"{""geodesic"":true,""type"":""Point"",""coordinates"":[95.0732430105982,19.766484595991187]}"
0_2778,0,21.285356078382264,96.02536738025016,0.03196976446597388,"{""geodesic"":true,""type"":""Point"",""coordinates"":[96.02536738025016,21.285356078382264]}"
0_3711,0,10.76347898700632,104.3559839991806,0.03207202727822045,"{""geodesic"":true,""type"":""Point"",""coordinates"":[104.3559839991806,10.76347898700632]}"
0_13807,0,12.643742708199103,106.04140313526985,0.03331569451445604,"{""geodesic"":true,""type"":""Point"",""coordinates"":[106.04140313526985,12.643742708199103]}"
0_3078,0,19.57622141881445,100.04110619490733,0.03348153687532629,"{""geodesic"":true,""type"":""Point"",""coordinates"":[100.04110619490733,19.57622141881445]}"
0_8537,0,20.341316546299943,95.1152841658956,0.034042083586934946,"{""geodesic"":true,""type"":""Point"",""coordinates"":[95.1152841658956,20.341316546299943]}"
0_5428,0,14.444236032161983,100.85174590730843,0.035014083092223425,"{""geodesic"":true,""type"":""Point"",""coordinates"":[100.85174590730843,14.444236032161983]}"
0_4508,0,21.277540735410412,104.27810006404631,0.035113370279127976,"{""geodesic"":true,""type"":""Point"",""coordinates"":[104.27810006404631,21.277540735410412]}"
0_1344,0,12.693329711882559,102.9233507840462,0.035275819837015,"{""geodesic"":true,""type"":""Point"",""coordinates"":[102.9233507840462,12.693329711882559]}"
0_14437,0,10.68505606270259,104.16895475702422,0.03554680198189164,"{""geodesic"":true,""type"":""Point"",""coordinates"":[104.16895475702422,10.68505606270259]}"
0_2144,0,15.04952087060243,102.37412081932764,0.035612128703404466,"{""geodesic"":true,""type"":""Point"",""coordinates"":[102.37412081932764,15.04952087060243]}"
0_8191,0,18.609274846987056,95.03982568202848,0.03658024260227655,"{""geodesic"":true,""type"":""Point"",""coordinates"":[95.03982568202848,18.609274846987056]}"
0_7429,0,17.008207516098942,96.50210330153924,0.036794408413504565,"{""geodesic"":true,""type"":""Point"",""coordinates"":[96.50210330153924,17.008207516098942]}"
0_11194,0,13.078437474185053,101.16813255037987,0.036875709004118074,"{""geodesic"":true,""type"":""Point"",""coordinates"":[101.16813255037987,13.078437474185053]}"
0_3411,0,11.308127543768624,104.65081107543286,0.037042291132693084,"{""geodesic"":true,""type"":""Point"",""coordinates"":[104.65081107543286,11.308127543768624]}"
0_7635,0,16.482962569473642,100.51972857829308,0.037203355807883254,"{""geodesic"":true,""type"":""Point"",""coordinates"":[100.51972857829308,16.482962569473642]}"
0_3453,0,16.03290661212923,101.17406143125514,0.03723737123237636,"{""geodesic"":true,""type"":""Point"",""coordinates"":[101.17406143125514,16.03290661212923]}"
0_13088,0,15.571262387619663,102.36064609006566,0.03726552442836084,"{""geodesic"":true,""type"":""Point"",""coordinates"":[102.36064609006566,15.571262387619663]}"
0_11806,0,16.421787298625027,99.82955294549414,0.03766005963501129,"{""geodesic"":true,""type"":""Point"",""coordinates"":[99.82955294549414,16.421787298625027]}"
0_7425,0,14.96570805459398,105.16608472241121,0.03772601473644488,"{""geodesic"":true,""type"":""Point"",""coordinates"":[105.16608472241121,14.96570805459398]}"
0_3672,0,11.921766714351396,99.65869337845216,0.03801231995580723,"{""geodesic"":true,""type"":""Point"",""coordinates"":[99.65869337845216,11.921766714351396]}"
0_11928,0,15.35108531148171,102.0747123351263,0.03816100756702001,"{""geodesic"":true,""type"":""Point"",""coordinates"":[102.0747123351263,15.35108531148171]}"
0_13539,0,20.078289831109437,106.26131071682546,0.03818337965419871,"{""geodesic"":true,""type"":""Point"",""coordinates"":[106.26131071682546,20.078289831109437]}"
0_12632,0,16.919543797556244,97.70566611921986,0.03838928548839693,"{""geodesic"":true,""type"":""Point"",""coordinates"":[97.70566611921986,16.919543797556244]}"
0_6976,0,17.92826203009524,103.1871859829959,0.03843053647700556,"{""geodesic"":true,""type"":""Point"",""coordinates"":[103.1871859829959,17.92826203009524]}"
0_4840,0,14.035143251773471,103.12654970131696,0.03914569255123479,"{""geodesic"":true,""type"":""Point"",""coordinates"":[103.12654970131696,14.035143251773471]}"
0_11432,0,10.823576279513983,105.52235656409813,0.03917276774217493,"{""geodesic"":true,""type"":""Point"",""coordinates"":[105.52235656409813,10.823576279513983]}"
0_3750,0,21.2699948870238,98.55160962228736,0.03945359674667248,"{""geodesic"":true,""type"":""Point"",""coordinates"":[98.55160962228736,21.2699948870238]}"
0_2834,0,21.721128822709154,99.44956558030613,0.0394631123405913,"{""geodesic"":true,""type"":""Point"",""coordinates"":[99.44956558030613,21.721128822709154]}"
0_10839,0,18.23575535184972,106.05299140243515,0.039680193417794496,"{""geodesic"":true,""type"":""Point"",""coordinates"":[106.05299140243515,18.23575535184972]}"
0_13801,0,10.074111837972186,105.45983382032252,0.039848372007166066,"{""geodesic"":true,""type"":""Point"",""coordinates"":[105.45983382032252,10.074111837972186]}"
0_1291,0,12.12200119118187,104.61335132808453,0.04001444470369908,"{""geodesic"":true,""type"":""Point"",""coordinates"":[104.61335132808453,12.12200119118187]}"
0_10810,0,16.87534668557751,96.54144951098424,0.040411959094696526,"{""geodesic"":true,""type"":""Point"",""coordinates"":[96.54144951098424,16.87534668557751]}"
0_9194,0,10.713622488737624,105.2582518705632,0.04044338021208238,"{""geodesic"":true,""type"":""Point"",""coordinates"":[105.2582518705632,10.713622488737624]}"
0_8899,0,14.587337656922392,103.23326955707189,0.04112870701550708,"{""geodesic"":true,""type"":""Point"",""coordinates"":[103.23326955707189,14.587337656922392]}"
0_3943,0,22.68672792161037,99.04990511039561,0.04112919923378833,"{""geodesic"":true,""type"":""Point"",""coordinates"":[99.04990511039561,22.68672792161037]}"
0_6226,0,15.794673398780452,102.6587071013408,0.04124234287237216,"{""geodesic"":true,""type"":""Point"",""coordinates"":[102.6587071013408,15.794673398780452]}"
0_6319,0,10.881787109924996,104.80118905399662,0.04153518471712181,"{""geodesic"":true,""type"":""Point"",""coordinates"":[104.80118905399662,10.881787109924996]}"
0_8366,0,14.929326285587097,100.23029139374562,0.041766301259875904,"{""geodesic"":true,""type"":""Point"",""coordinates"":[100.23029139374562,14.929326285587097]}"
0_9582,0,12.961476824192554,104.90521396389916,0.04186095306694737,"{""geodesic"":true,""type"":""Point"",""coordinates"":[104.90521396389916,12.961476824192554]}"
0_224,0,14.191180616625216,103.19338435845641,0.04197712206766169,"{""geodesic"":true,""type"":""Point"",""coordinates"":[103.19338435845641,14.191180616625216]}"
0_14010,0,14.5881461406781,104.28456793409207,0.042261490626358866,"{""geodesic"":true,""type"":""Point"",""coordinates"":[104.28456793409207,14.5881461406781]}"
0_947,0,17.512431885075827,103.28393453909696,0.04227071189574805,"{""geodesic"":true,""type"":""Point"",""coordinates"":[103.28393453909696,17.512431885075827]}"
0_12402,0,13.876141446484128,102.5942978954685,0.04312974750025633,"{""geodesic"":true,""type"":""Point"",""coordinates"":[102.5942978954685,13.876141446484128]}"
0_6889,0,18.41955065898079,103.38822894358474,0.04318280431909516,"{""geodesic"":true,""type"":""Point"",""coordinates"":[103.38822894358474,18.41955065898079]}"
0_3278,0,17.674937119973237,102.59187244420134,0.043442807888274704,"{""geodesic"":true,""type"":""Point"",""coordinates"":[102.59187244420134,17.674937119973237]}"
0_4136,0,13.852964912153817,103.55908851062672,0.04353321746422767,"{""geodesic"":true,""type"":""Point"",""coordinates"":[103.55908851062672,13.852964912153817]}"
0_1214,0,21.240889471818292,95.9482919288716,0.04399278024378117,"{""geodesic"":true,""type"":""Point"",""coordinates"":[95.9482919288716,21.240889471818292]}"
0_9281,0,15.07700931829652,101.1791818283747,0.04403985512176445,"{""geodesic"":true,""type"":""Point"",""coordinates"":[101.1791818283747,15.07700931829652]}"
0_9716,0,13.930579352701836,108.95356162337033,0.04445088128014496,"{""geodesic"":true,""type"":""Point"",""coordinates"":[108.95356162337033,13.930579352701836]}"
0_10228,0,11.250725197113322,106.92265042900375,0.044890993511121025,"{""geodesic"":true,""type"":""Point"",""coordinates"":[106.92265042900375,11.250725197113322]}"
0_4686,0,14.182826284482895,101.21394662987062,0.0449012516278372,"{""geodesic"":true,""type"":""Point"",""coordinates"":[101.21394662987062,14.182826284482895]}"
0_6042,0,16.749492714272215,96.29324499797845,0.044995327397637896,"{""geodesic"":true,""type"":""Point"",""coordinates"":[96.29324499797845,16.749492714272215]}"
0_6012,0,17.68760336547934,103.29579230084751,0.04534826652242829,"{""geodesic"":true,""type"":""Point"",""coordinates"":[103.29579230084751,17.68760336547934]}"
0_13792,0,15.68768404844169,104.63221594905131,0.04547268402095439,"{""geodesic"":true,""type"":""Point"",""coordinates"":[104.63221594905131,15.68768404844169]}"
0_10118,0,19.757321780093157,99.95621540055681,0.045547442713525066,"{""geodesic"":true,""type"":""Point"",""coordinates"":[99.95621540055681,19.757321780093157]}"
0_12032,0,15.4292387412002,100.27933940825925,0.04567914591266309,"{""geodesic"":true,""type"":""Point"",""coordinates"":[100.27933940825925,15.4292387412002]}"
0_5238,0,14.469568523174184,99.81446124872072,0.04622656380716306,"{""geodesic"":true,""type"":""Point"",""coordinates"":[99.81446124872072,14.469568523174184]}"
0_14957,0,17.60244307654471,104.13176450426114,0.04643438787719867,"{""geodesic"":true,""type"":""Point"",""coordinates"":[104.13176450426114,17.60244307654471]}"
0_1206,0,17.01925679409363,97.96626738314667,0.0468435427993924,"{""geodesic"":true,""type"":""Point"",""coordinates"":[97.96626738314667,17.01925679409363]}"
0_6669,0,20.718339471045354,96.7678249625856,0.04713640992508772,"{""geodesic"":true,""type"":""Point"",""coordinates"":[96.7678249625856,20.718339471045354]}"
0_2970,0,19.594008061440036,98.96959572399417,0.04727367698475726,"{""geodesic"":true,""type"":""Point"",""coordinates"":[98.96959572399417,19.594008061440036]}"
0_3057,0,18.128766001510954,101.709008182956,0.04763545831861182,"{""geodesic"":true,""type"":""Point"",""coordinates"":[101.709008182956,18.128766001510954]}"
0_1838,0,11.687845414366397,105.099519559857,0.04783245839782635,"{""geodesic"":true,""type"":""Point"",""coordinates"":[105.099519559857,11.687845414366397]}"
0_2786,0,15.560752098795453,100.95011143092093,0.04799631353089029,"{""geodesic"":true,""type"":""Point"",""coordinates"":[100.95011143092093,15.560752098795453]}"
0_8645,0,13.751904442690252,102.69293291366624,0.04883613693576894,"{""geodesic"":true,""type"":""Point"",""coordinates"":[102.69293291366624,13.751904442690252]}"
0_14155,0,10.527940719509903,107.30398526711797,0.04889818554563374,"{""geodesic"":true,""type"":""Point"",""coordinates"":[107.30398526711797,10.527940719509903]}"
0_12156,0,14.99535245896996,104.74190024524388,0.048911797786879596,"{""geodesic"":true,""type"":""Point"",""coordinates"":[104.74190024524388,14.99535245896996]}"
0_7095,0,11.163408951496802,104.96207732138474,0.048953292852298214,"{""geodesic"":true,""type"":""Point"",""coordinates"":[104.96207732138474,11.163408951496802]}"
0_11402,0,22.2913793650689,106.77227245043998,0.048972427023474485,"{""geodesic"":true,""type"":""Point"",""coordinates"":[106.77227245043998,22.2913793650689]}"
0_12662,0,19.219949577132226,105.12350457794334,0.04942155972208362,"{""geodesic"":true,""type"":""Point"",""coordinates"":[105.12350457794334,19.219949577132226]}"
0_5372,0,18.966894161595455,102.44823183026857,0.04955891768169762,"{""geodesic"":true,""type"":""Point"",""coordinates"":[102.44823183026857,18.966894161595455]}"
0_2975,0,15.939122496467041,104.75321901782395,0.05002848303715024,"{""geodesic"":true,""type"":""Point"",""coordinates"":[104.75321901782395,15.939122496467041]}"
0_7870,0,14.716695057835755,104.13041703133494,0.05107060496643645,"{""geodesic"":true,""type"":""Point"",""coordinates"":[104.13041703133494,14.716695057835755]}"
0_8022,0,21.27026438160904,95.45969824583197,0.0511638627267782,"{""geodesic"":true,""type"":""Point"",""coordinates"":[95.45969824583197,21.27026438160904]}"
0_1878,0,15.907052640823936,103.73830240981114,0.05116582114604429,"{""geodesic"":true,""type"":""Point"",""coordinates"":[103.73830240981114,15.907052640823936]}"
0_14968,0,16.030750655447342,94.55958633113129,0.051385634436455274,"{""geodesic"":true,""type"":""Point"",""coordinates"":[94.55958633113129,16.030750655447342]}"
0_7181,0,21.75023423791466,95.38639571864677,0.05139095287591333,"{""geodesic"":true,""type"":""Point"",""coordinates"":[95.38639571864677,21.75023423791466]}"
0_10745,0,12.051663104435232,106.3416201032269,0.05141449570091039,"{""geodesic"":true,""type"":""Point"",""coordinates"":[106.3416201032269,12.051663104435232]}"
0_12690,0,17.670894701194698,95.85747225364581,0.051422852960624765,"{""geodesic"":true,""type"":""Point"",""coordinates"":[95.85747225364581,17.670894701194698]}"
0_1938,0,17.007399032343237,103.07238128968378,0.051866203591088844,"{""geodesic"":true,""type"":""Point"",""coordinates"":[103.07238128968378,17.007399032343237]}"
0_118,0,25.233451752092215,96.88236016131249,0.051896362703893195,"{""geodesic"":true,""type"":""Point"",""coordinates"":[96.88236016131249,25.233451752092215]}"
0_3671,0,22.975087127813076,97.17799572132047,0.05206084836636715,"{""geodesic"":true,""type"":""Point"",""coordinates"":[97.17799572132047,22.975087127813076]}"
0_9951,0,17.119239285216246,102.14855385148199,0.05218227458955671,"{""geodesic"":true,""type"":""Point"",""coordinates"":[102.14855385148199,17.119239285216246]}"
0_1593,0,15.255684228308104,101.69715042120545,0.05233815467104064,"{""geodesic"":true,""type"":""Point"",""coordinates"":[101.69715042120545,15.255684228308104]}"
0_13338,0,16.07872069161938,100.33539428198911,0.05233958676122097,"{""geodesic"":true,""type"":""Point"",""coordinates"":[100.33539428198911,16.07872069161938]}"
0_6838,0,22.05530210840201,94.87354752293557,0.052853913500112704,"{""geodesic"":true,""type"":""Point"",""coordinates"":[94.87354752293557,22.05530210840201]}"
1_5741,1,20.865483514584305,103.6410148645396,0.0023885266948693307,"{""geodesic"":true,""type"":""Point"",""coordinates"":[103.6410148645396,20.865483514584305]}"
1_5918,1,21.78284308272824,95.4076857908807,0.0025460742746959975,"{""geodesic"":true,""type"":""Point"",""coordinates"":[95.4076857908807,21.78284308272824]}"
1_9872,1,14.694865996431625,99.82443254837459,0.0029824931189479376,"{""geodesic"":true,""type"":""Point"",""coordinates"":[99.82443254837459,14.694865996431625]}"
1_9121,1,14.09577953345161,99.76783868547425,0.004237923111246711,"{""geodesic"":true,""type"":""Point"",""coordinates"":[99.76783868547425,14.09577953345161]}"
1_13751,1,15.375609318738201,109.10771252612746,0.01591371784667628,"{""geodesic"":true,""type"":""Point"",""coordinates"":[109.10771252612746,15.375609318738201]}"
1_5201,1,15.97442628713298,102.67191233601754,0.01860737204257623,"{""geodesic"":true,""type"":""Point"",""coordinates"":[102.67191233601754,15.97442628713298]}"
1_6403,1,10.277849744410734,105.95273941672598,0.01991151070238062,"{""geodesic"":true,""type"":""Point"",""coordinates"":[105.95273941672598,10.277849744410734]}"
1_4088,1,16.127499211547125,101.08674518563747,0.01996236192064771,"{""geodesic"":true,""type"":""Point"",""coordinates"":[101.08674518563747,16.127499211547125]}"
1_11889,1,26.158087674037525,97.70270167878222,0.02679021421467742,"{""geodesic"":true,""type"":""Point"",""coordinates"":[97.70270167878222,26.158087674037525]}"
1_9459,1,20.92369434499532,106.6590847246393,0.026862692778685693,"{""geodesic"":true,""type"":""Point"",""coordinates"":[106.6590847246393,20.92369434499532]}"
1_9787,1,19.882367267642742,96.19919138772978,0.03158813073397382,"{""geodesic"":true,""type"":""Point"",""coordinates"":[96.19919138772978,19.882367267642742]}"
1_7675,1,13.875871951898892,100.23783724213233,0.03554896870763069,"{""geodesic"":true,""type"":""Point"",""coordinates"":[100.23783724213233,13.875871951898892]}"
1_13172,1,20.599492358956198,106.05972876706615,0.03767838606426077,"{""geodesic"":true,""type"":""Point"",""coordinates"":[106.05972876706615,20.599492358956198]}"
1_1097,1,15.998411305219,104.08729789769659,0.03842065058856203,"{""geodesic"":true,""type"":""Point"",""coordinates"":[104.08729789769659,15.998411305219]}"
1_14825,1,21.906810591936882,98.36727532598339,0.04321769057308544,"{""geodesic"":true,""type"":""Point"",""coordinates"":[98.36727532598339,21.906810591936882]}"
1_5903,1,16.208617081703217,99.9486695521701,0.04613910166733215,"{""geodesic"":true,""type"":""Point"",""coordinates"":[99.9486695521701,16.208617081703217]}"
1_10651,1,20.25103586024583,97.70916954882797,0.057787388321729916,"{""geodesic"":true,""type"":""Point"",""coordinates"":[97.70916954882797,20.25103586024583]}"
1_12161,1,16.662176468655694,100.2620917548039,0.0668718271926173,"{""geodesic"":true,""type"":""Point"",""coordinates"":[100.2620917548039,16.662176468655694]}"
1_7076,1,9.44106905725241,105.28385385616097,0.07219466059819457,"{""geodesic"":true,""type"":""Point"",""coordinates"":[105.28385385616097,9.44106905725241]}"
1_2617,1,10.457602632763258,105.64551558955269,0.07951016843835623,"{""geodesic"":true,""type"":""Point"",""coordinates"":[105.64551558955269,10.457602632763258]}"
1_6736,1,16.99015137888812,96.7115005942705,0.07958524225241481,"{""geodesic"":true,""type"":""Point"",""coordinates"":[96.7115005942705,16.99015137888812]}"
1_11897,1,12.604396498754621,108.20867858976773,0.08402138880509036,"{""geodesic"":true,""type"":""Point"",""coordinates"":[108.20867858976773,12.604396498754621]}"
1_211,1,13.772655525753438,100.70810529337565,0.090286405950461,"{""geodesic"":true,""type"":""Point"",""coordinates"":[100.70810529337565,13.772655525753438]}"
1_1387,1,16.88612646898696,107.10509826321105,0.09114798006757885,"{""geodesic"":true,""type"":""Point"",""coordinates"":[107.10509826321105,16.88612646898696]}"
1_11957,1,22.933315467101465,104.4225491617348,0.09120634385065274,"{""geodesic"":true,""type"":""Point"",""coordinates"":[104.4225491617348,22.933315467101465]}"
1_13087,1,5.456861109120812,101.13687117849206,0.09560134383177255,"{""geodesic"":true,""type"":""Point"",""coordinates"":[101.13687117849206,5.456861109120812]}"
1_8970,1,19.144221598680858,105.68135836938957,0.09625003141623822,"{""geodesic"":true,""type"":""Point"",""coordinates"":[105.68135836938957,19.144221598680858]}"
1_12947,1,18.45458495506149,98.91407983943479,0.0996821470302578,"{""geodesic"":true,""type"":""Point"",""coordinates"":[98.91407983943479,18.45458495506149]}"
1_13865,1,13.3991360306161,101.31204265889788,0.10293076021591252,"{""geodesic"":true,""type"":""Point"",""coordinates"":[101.31204265889788,13.3991360306161]}"
1_3356,1,13.78586076043001,99.8672821874277,0.12051473655137357,"{""geodesic"":true,""type"":""Point"",""coordinates"":[99.8672821874277,13.78586076043001]}"
1_2873,1,20.58628712427963,92.6901023933233,0.1243456071982979,"{""geodesic"":true,""type"":""Point"",""coordinates"":[92.6901023933233,20.58628712427963]}"
1_3628,1,17.626428094630725,99.25525998434829,0.12804487220589866,"{""geodesic"":true,""type"":""Point"",""coordinates"":[99.25525998434829,17.626428094630725]}"
1_9829,1,14.78676364999716,103.23623399750953,0.1315277895850604,"{""geodesic"":true,""type"":""Point"",""coordinates"":[103.23623399750953,14.78676364999716]}"
1_13916,1,16.676998670843687,96.57028543160489,0.13450856505568565,"{""geodesic"":true,""type"":""Point"",""coordinates"":[96.57028543160489,16.676998670843687]}"
1_4709,1,21.067065464340963,105.76597966915485,0.1374405923759041,"{""geodesic"":true,""type"":""Point"",""coordinates"":[105.76597966915485,21.067065464340963]}"
1_13253,1,12.646976643221937,101.30557478885213,0.1411125604836354,"{""geodesic"":true,""type"":""Point"",""coordinates"":[101.30557478885213,12.646976643221937]}"
1_8167,1,18.71572520815534,95.14924048363581,0.14194623215104762,"{""geodesic"":true,""type"":""Point"",""coordinates"":[95.14924048363581,18.71572520815534]}"
1_1647,1,6.807837464909756,100.93933164751134,0.1450680713422008,"{""geodesic"":true,""type"":""Point"",""coordinates"":[100.93933164751134,6.807837464909756]}"
1_12139,1,21.247087847278728,105.90503887513854,0.14841113491027624,"{""geodesic"":true,""type"":""Point"",""coordinates"":[105.90503887513854,21.247087847278728]}"
1_11748,1,10.383761116408547,107.11614754120588,0.167695203626133,"{""geodesic"":true,""type"":""Point"",""coordinates"":[107.11614754120588,10.383761116408547]}"
1_13862,1,12.995972131102784,101.17945132295993,0.17032530037747629,"{""geodesic"":true,""type"":""Point"",""coordinates"":[101.17945132295993,12.995972131102784]}"
1_3315,1,12.860685849314224,100.003646447559,0.17135900473032128,"{""geodesic"":true,""type"":""Point"",""coordinates"":[100.003646447559,12.860685849314224]}"
1_5683,1,16.239608959005373,95.89654896850557,0.18218729487401308,"{""geodesic"":true,""type"":""Point"",""coordinates"":[95.89654896850557,16.239608959005373]}"
1_13944,1,15.290179535218334,104.86856270030655,0.18427230767862424,"{""geodesic"":true,""type"":""Point"",""coordinates"":[104.86856270030655,15.290179535218334]}"
1_1535,1,10.701495232402,107.0132006096443,0.19034444390902405,"{""geodesic"":true,""type"":""Point"",""coordinates"":[107.0132006096443,10.701495232402]}"
1_3408,1,13.820086572755004,100.56500366861336,0.19230139334195195,"{""geodesic"":true,""type"":""Point"",""coordinates"":[100.56500366861336,13.820086572755004]}"
1_3539,1,13.508550832221987,99.71286179008534,0.19339253676397405,"{""geodesic"":true,""type"":""Point"",""coordinates"":[99.71286179008534,13.508550832221987]}"
1_2,1,13.818200110658351,100.54452208013514,0.19996559476524378,"{""geodesic"":true,""type"":""Point"",""coordinates"":[100.54452208013514,13.818200110658351]}"
1_6717,1,14.053738378154767,100.74071413818966,0.20024027425580426,"{""geodesic"":true,""type"":""Point"",""coordinates"":[100.74071413818966,14.053738378154767]}"
1_5590,1,10.848100286770478,106.83398671045988,0.20570797313492595,"{""geodesic"":true,""type"":""Point"",""coordinates"":[106.83398671045988,10.848100286770478]}"
1_685,1,18.753723944673645,99.01379283597349,0.2060953649255255,"{""geodesic"":true,""type"":""Point"",""coordinates"":[99.01379283597349,18.753723944673645]}"
1_397,1,17.015214375315082,99.73927225943883,0.2100223699326631,"{""geodesic"":true,""type"":""Point"",""coordinates"":[99.73927225943883,17.015214375315082]}"
1_4627,1,20.063737123506684,106.04490656487796,0.21295172307996824,"{""geodesic"":true,""type"":""Point"",""coordinates"":[106.04490656487796,20.063737123506684]}"
1_4400,1,20.94929633059275,105.57463851363464,0.2133335528757081,"{""geodesic"":true,""type"":""Point"",""coordinates"":[105.57463851363464,20.94929633059275]}"
1_14665,1,17.02815011540642,99.81931215125503,0.22191379404987188,"{""geodesic"":true,""type"":""Point"",""coordinates"":[99.81931215125503,17.02815011540642]}"
1_5540,1,22.4873019285356,95.53353976218766,0.2222240434971262,"{""geodesic"":true,""type"":""Point"",""coordinates"":[95.53353976218766,22.4873019285356]}"
1_12764,1,19.367093620671177,105.4169841812694,0.23145675920663233,"{""geodesic"":true,""type"":""Point"",""coordinates"":[105.4169841812694,19.367093620671177]}"
1_14830,1,14.982147224293387,100.3278484336024,0.23561694217814344,"{""geodesic"":true,""type"":""Point"",""coordinates"":[100.3278484336024,14.982147224293387]}"
1_7266,1,9.931010213211774,105.83577876673193,0.23578460692908854,"{""geodesic"":true,""type"":""Point"",""coordinates"":[105.83577876673193,9.931010213211774]}"
1_14044,1,17.346962209740816,101.96287208225182,0.23856911118880875,"{""geodesic"":true,""type"":""Point"",""coordinates"":[101.96287208225182,17.346962209740816]}"
1_5482,1,9.778206783382867,105.73606577019324,0.2414631342243937,"{""geodesic"":true,""type"":""Point"",""coordinates"":[105.73606577019324,9.778206783382867]}"
1_1383,1,10.769946857051988,106.63563869572344,0.243120368855832,"{""geodesic"":true,""type"":""Point"",""coordinates"":[106.63563869572344,10.769946857051988]}"
1_10042,1,15.03335119548826,102.14208598143624,0.2514380964127658,"{""geodesic"":true,""type"":""Point"",""coordinates"":[102.14208598143624,15.03335119548826]}"
1_12522,1,22.12213676554058,94.70053199921166,0.262715801690673,"{""geodesic"":true,""type"":""Point"",""coordinates"":[94.70053199921166,22.12213676554058]}"
1_4522,1,16.132619608666616,95.58959463591752,0.2708456242653192,"{""geodesic"":true,""type"":""Point"",""coordinates"":[95.58959463591752,16.132619608666616]}"
1_10784,1,13.846766536693385,102.60804211931573,0.27899212365302306,"{""geodesic"":true,""type"":""Point"",""coordinates"":[102.60804211931573,13.846766536693385]}"
1_2140,1,10.886368517874015,106.73723815435882,0.2863547771510938,"{""geodesic"":true,""type"":""Point"",""coordinates"":[106.73723815435882,10.886368517874015]}"
1_10409,1,22.12644867890436,95.15247441865868,0.2869656756056925,"{""geodesic"":true,""type"":""Point"",""coordinates"":[95.15247441865868,22.12644867890436]}"
1_242,1,20.146471961174193,101.45783922951257,0.2893702352178398,"{""geodesic"":true,""type"":""Point"",""coordinates"":[101.45783922951257,20.146471961174193]}"
1_769,1,16.049615276413874,100.29092767542456,0.2943175912551985,"{""geodesic"":true,""type"":""Point"",""coordinates"":[100.29092767542456,16.049615276413874]}"
1_12924,1,20.778706258138257,106.5240679374342,0.301327742444478,"{""geodesic"":true,""type"":""Point"",""coordinates"":[106.5240679374342,20.778706258138257]}"
1_3055,1,15.849111304998159,108.09710783147848,0.3226036749148631,"{""geodesic"":true,""type"":""Point"",""coordinates"":[108.09710783147848,15.849111304998159]}"
1_14316,1,14.997777910237085,99.98424283742175,0.32306999486711674,"{""geodesic"":true,""type"":""Point"",""coordinates"":[99.98424283742175,14.997777910237085]}"
1_12746,1,21.305568172274974,105.73795223228991,0.3275712790429073,"{""geodesic"":true,""type"":""Point"",""coordinates"":[105.73795223228991,21.305568172274974]}"
1_4058,1,10.681283138509283,105.18791378381563,0.3392500432156792,"{""geodesic"":true,""type"":""Point"",""coordinates"":[105.18791378381563,10.681283138509283]}"
1_8042,1,10.890680431237794,106.90109086218457,0.3399283571722025,"{""geodesic"":true,""type"":""Point"",""coordinates"":[106.90109086218457,10.890680431237794]}"
1_6585,1,10.37783223553335,107.09889988775053,0.3425637472701737,"{""geodesic"":true,""type"":""Point"",""coordinates"":[107.09889988775053,10.37783223553335]}"
1_1147,1,16.641964374762985,107.40854916619098,0.35625337858331685,"{""geodesic"":true,""type"":""Point"",""coordinates"":[107.40854916619098,16.641964374762985]}"
1_6306,1,18.336276832142808,105.89641504841087,0.3602504206453644,"{""geodesic"":true,""type"":""Point"",""coordinates"":[105.89641504841087,18.336276832142808]}"
1_470,1,15.2489468636772,105.23291937955067,0.3607719216388027,"{""geodesic"":true,""type"":""Point"",""coordinates"":[105.23291937955067,15.2489468636772]}"
1_10206,1,20.661476113560518,96.94326593757667,0.3651140117500008,"{""geodesic"":true,""type"":""Point"",""coordinates"":[96.94326593757667,20.661476113560518]}"
1_11647,1,21.450017269961563,95.23844319135016,0.3683202337530831,"{""geodesic"":true,""type"":""Point"",""coordinates"":[95.23844319135016,21.450017269961563]}"
1_6979,1,12.282080974812157,105.78322732261019,0.37574110543021955,"{""geodesic"":true,""type"":""Point"",""coordinates"":[105.78322732261019,12.282080974812157]}"
1_3407,1,20.925850301677208,106.18100133042402,0.387285788526879,"{""geodesic"":true,""type"":""Point"",""coordinates"":[106.18100133042402,20.925850301677208]}"
1_3247,1,17.54315426779275,104.2074924827135,0.3878206345439523,"{""geodesic"":true,""type"":""Point"",""coordinates"":[104.2074924827135,17.54315426779275]}"
1_689,1,16.357378092753585,100.25885781978103,0.3905556352526959,"{""geodesic"":true,""type"":""Point"",""coordinates"":[100.25885781978103,16.357378092753585]}"
1_831,1,16.544676829492722,99.74978254826318,0.39280192436463024,"{""geodesic"":true,""type"":""Point"",""coordinates"":[99.74978254826318,16.544676829492722]}"
1_12994,1,11.504050107235326,106.73885512187026,0.4040103060216743,"{""geodesic"":true,""type"":""Point"",""coordinates"":[106.73885512187026,11.504050107235326]}"
1_5148,1,11.010875016253127,106.29769248583283,0.4055855729694635,"{""geodesic"":true,""type"":""Point"",""coordinates"":[106.29769248583283,11.010875016253127]}"
1_4411,1,14.879469787318405,105.09170421688505,0.41138526151475463,"{""geodesic"":true,""type"":""Point"",""coordinates"":[105.09170421688505,14.879469787318405]}"
1_2052,1,20.105239289633055,105.46980511997639,0.42162642931180605,"{""geodesic"":true,""type"":""Point"",""coordinates"":[105.46980511997639,20.105239289633055]}"
1_8363,1,21.29802232388836,99.6223116094448,0.42742644492757953,"{""geodesic"":true,""type"":""Point"",""coordinates"":[99.6223116094448,21.29802232388836]}"
1_13118,1,21.063292540147657,95.85666376989009,0.437919741205157,"{""geodesic"":true,""type"":""Point"",""coordinates"":[95.85666376989009,21.063292540147657]}"
1_7469,1,17.17044325641112,95.98305673036752,0.4385552750581969,"{""geodesic"":true,""type"":""Point"",""coordinates"":[95.98305673036752,17.17044325641112]}"
1_10729,1,18.687158782120306,105.64686306247889,0.441655817357287,"{""geodesic"":true,""type"":""Point"",""coordinates"":[105.64686306247889,18.687158782120306]}"
1_9784,1,18.027705532047392,98.8863218971551,0.45221252178976634,"{""geodesic"":true,""type"":""Point"",""coordinates"":[98.8863218971551,18.027705532047392]}"
1_4463,1,21.125006800166737,106.24810548214872,0.48065853398022307,"{""geodesic"":true,""type"":""Point"",""coordinates"":[106.24810548214872,21.125006800166737]}"
1_7218,1,16.809051017609413,94.86869662040125,0.4844105540568321,"{""geodesic"":true,""type"":""Point"",""coordinates"":[94.86869662040125,16.809051017609413]}"
1_9128,1,9.970895411826728,106.34269808156786,0.4854531097172954,"{""geodesic"":true,""type"":""Point"",""coordinates"":[106.34269808156786,9.970895411826728]}"
1_13059,1,13.082749387548832,100.89998543806634,0.48589271393252054,"{""geodesic"":true,""type"":""Point"",""coordinates"":[100.89998543806634,13.082749387548832]}"
1_10255,1,19.250132970678678,101.70739121544456,0.4867038003455977,"{""geodesic"":true,""type"":""Point"",""coordinates"":[101.70739121544456,19.250132970678678]}"
1_5081,1,13.099458051833475,103.16104500822765,0.4910632480397612,"{""geodesic"":true,""type"":""Point"",""coordinates"":[103.16104500822765,13.099458051833475]}"
1_7292,1,14.809401195157,104.8674847219656,0.4983311480628635,"{""geodesic"":true,""type"":""Point"",""coordinates"":[104.8674847219656,14.809401195157]}"
1_7733,1,13.621469063435944,100.37689644811603,0.5027945731054619,"{""geodesic"":true,""type"":""Point"",""coordinates"":[100.37689644811603,13.621469063435944]}"
1_10433,1,16.50560011463348,100.19795204351685,0.50368201726834,"{""geodesic"":true,""type"":""Point"",""coordinates"":[100.19795204351685,16.50560011463348]}"
1_6598,1,17.127863111943803,104.21988923363453,0.5047593562690864,"{""geodesic"":true,""type"":""Point"",""coordinates"":[104.21988923363453,17.127863111943803]}"
1_5716,1,21.10964560880828,95.7264978852193,0.5204854570127426,"{""geodesic"":true,""type"":""Point"",""coordinates"":[95.7264978852193,21.10964560880828]}"
1_6916,1,16.587526468545278,104.05792298790546,0.5382772649462642,"{""geodesic"":true,""type"":""Point"",""coordinates"":[104.05792298790546,16.587526468545278]}"
1_10742,1,14.092815093014012,100.59761251342736,0.5434502280170646,"{""geodesic"":true,""type"":""Point"",""coordinates"":[100.59761251342736,14.092815093014012]}"
1_5026,1,10.794201369723243,107.51742497862783,0.5486301219949089,"{""geodesic"":true,""type"":""Point"",""coordinates"":[107.51742497862783,10.794201369723243]}"
1_14229,1,10.37109487090245,105.43369284555426,0.5504794505209383,"{""geodesic"":true,""type"":""Point"",""coordinates"":[105.43369284555426,10.37109487090245]}"
1_6522,1,14.14159361294176,100.20765384858548,0.5600770237968724,"{""geodesic"":true,""type"":""Point"",""coordinates"":[100.20765384858548,14.14159361294176]}"
1_7272,1,13.697736031057781,100.43699374062449,0.5623565035704827,"{""geodesic"":true,""type"":""Point"",""coordinates"":[100.43699374062449,13.697736031057781]}"
1_8438,1,15.661273579088546,100.03571630320253,0.5660868722524937,"{""geodesic"":true,""type"":""Point"",""coordinates"":[100.03571630320253,15.661273579088546]}"
1_1874,1,11.95733999960257,99.6365948224625,0.5672322896498136,"{""geodesic"":true,""type"":""Point"",""coordinates"":[99.6365948224625,11.95733999960257]}"
1_14813,1,12.823226101966396,100.94633850672757,0.5740022423179479,"{""geodesic"":true,""type"":""Point"",""coordinates"":[100.94633850672757,12.823226101966396]}"
1_3881,1,10.79554884264942,106.57419393028879,0.5773162522511194,"{""geodesic"":true,""type"":""Point"",""coordinates"":[106.57419393028879,10.79554884264942]}"
1_9023,1,17.85711545959289,106.43648219723129,0.5789574866907519,"{""geodesic"":true,""type"":""Point"",""coordinates"":[106.43648219723129,17.85711545959289]}"
1_4523,1,11.180117615781445,106.30847226924242,0.5877884406660137,"{""geodesic"":true,""type"":""Point"",""coordinates"":[106.30847226924242,11.180117615781445]}"
1_8638,1,16.00946058321368,101.75724771371391,0.5960507291517378,"{""geodesic"":true,""type"":""Point"",""coordinates"":[101.75724771371391,16.00946058321368]}"
1_10427,1,21.29101546467222,94.34318217918378,0.5967657314748831,"{""geodesic"":true,""type"":""Point"",""coordinates"":[94.34318217918378,21.29101546467222]}"
1_4236,1,13.885034767796922,100.53131684545839,0.5995939488807074,"{""geodesic"":true,""type"":""Point"",""coordinates"":[100.53131684545839,13.885034767796922]}"
1_11650,1,16.05257971685147,103.643709810392,0.603664957099373,"{""geodesic"":true,""type"":""Point"",""coordinates"":[103.643709810392,16.05257971685147]}"
1_931,1,16.82198675770075,96.1816742396892,0.612106981526555,"{""geodesic"":true,""type"":""Point"",""coordinates"":[96.1816742396892,16.82198675770075]}"
1_103,1,22.254458606891546,104.90629194224012,0.6132910674601495,"{""geodesic"":true,""type"":""Point"",""coordinates"":[104.90629194224012,22.254458606891546]}"
1_1451,1,21.38533856950488,96.0385726149269,0.6217722165022178,"{""geodesic"":true,""type"":""Point"",""coordinates"":[96.0385726149269,21.38533856950488]}"
1_1954,1,10.029106242237741,105.89237262963228,0.6228897793090339,"{""geodesic"":true,""type"":""Point"",""coordinates"":[105.89237262963228,10.029106242237741]}"
1_2118,1,17.994018708892867,102.56761793152977,0.627315373800369,"{""geodesic"":true,""type"":""Point"",""coordinates"":[102.56761793152977,17.994018708892867]}"
1_2455,1,13.26250227590136,100.94418255004565,0.6288963805409518,"{""geodesic"":true,""type"":""Point"",""coordinates"":[100.94418255004565,13.26250227590136]}"
1_2421,1,17.086360945817432,96.73332965567492,0.6297671492040453,"{""geodesic"":true,""type"":""Point"",""coordinates"":[96.73332965567492,17.086360945817432]}"
1_4877,1,17.822081163512188,101.13525421098062,0.6325966842642492,"{""geodesic"":true,""type"":""Point"",""coordinates"":[101.13525421098062,17.822081163512188]}"
1_1465,1,13.158477366000197,101.03634969819764,0.6419898394256295,"{""geodesic"":true,""type"":""Point"",""coordinates"":[101.03634969819764,13.158477366000197]}"
1_1816,1,13.404525922320824,101.20667027606915,0.6459305204208174,"{""geodesic"":true,""type"":""Point"",""coordinates"":[101.20667027606915,13.404525922320824]}"
1_5401,1,11.185238012900928,105.2738825565071,0.6516597996488481,"{""geodesic"":true,""type"":""Point"",""coordinates"":[105.2738825565071,11.185238012900928]}"
1_8487,1,14.160458233908292,100.63749771204284,0.6612906273013474,"{""geodesic"":true,""type"":""Point"",""coordinates"":[100.63749771204284,14.160458233908292]}"
1_14735,1,20.43671762947355,94.8398606997806,0.6631798688793645,"{""geodesic"":true,""type"":""Point"",""coordinates"":[94.8398606997806,20.43671762947355]}"
1_9713,1,15.38908404800001,104.55352353016131,0.6664532489834524,"{""geodesic"":true,""type"":""Point"",""coordinates"":[104.55352353016131,15.38908404800001]}"
1_13993,1,20.966813478633107,107.11614754120588,0.6689431003447571,"{""geodesic"":true,""type"":""Point"",""coordinates"":[107.11614754120588,20.966813478633107]}"
1_11955,1,14.879200292733168,103.48713345636772,0.6712936934388206,"{""geodesic"":true,""type"":""Point"",""coordinates"":[103.48713345636772,14.879200292733168]}"
1_11199,1,21.870428822929995,94.83096737846769,0.673759029108631,"{""geodesic"":true,""type"":""Point"",""coordinates"":[94.83096737846769,21.870428822929995]}"
1_13928,1,20.14781943410037,95.47829337221351,0.6772933210286782,"{""geodesic"":true,""type"":""Point"",""coordinates"":[95.47829337221351,20.14781943410037]}"
1_11113,1,13.888807691990229,99.0606848938052,0.6966983902900233,"{""geodesic"":true,""type"":""Point"",""coordinates"":[99.0606848938052,13.888807691990229]}"
1_3195,1,22.57407918498165,95.72326395019643,0.6974509884159553,"{""geodesic"":true,""type"":""Point"",""coordinates"":[95.72326395019643,22.57407918498165]}"
1_13601,1,13.843532601670551,99.83763778305133,0.7063640493106792,"{""geodesic"":true,""type"":""Point"",""coordinates"":[99.83763778305133,13.843532601670551]}"
1_1972,1,16.986917443865288,97.09364391614044,0.7106974763980299,"{""geodesic"":true,""type"":""Point"",""coordinates"":[97.09364391614044,16.986917443865288]}"
1_4817,1,13.243907149520064,99.87644500332586,0.7164084672588719,"{""geodesic"":true,""type"":""Point"",""coordinates"":[99.87644500332586,13.243907149520064]}"
1_11967,1,24.216918176581366,98.22336521746537,0.7180268210457542,"{""geodesic"":true,""type"":""Point"",""coordinates"":[98.22336521746537,24.216918176581366]}"
1_11125,1,21.984694527070133,95.20448687360995,0.7189711950290699,"{""geodesic"":true,""type"":""Point"",""coordinates"":[95.20448687360995,21.984694527070133]}"
1_110,1,17.88056148850844,102.73308760686696,0.720455119173869,"{""geodesic"":true,""type"":""Point"",""coordinates"":[102.73308760686696,17.88056148850844]}"
1_2730,1,21.65159921971822,95.23547875091252,0.7323836158723768,"{""geodesic"":true,""type"":""Point"",""coordinates"":[95.23547875091252,21.65159921971822]}"
1_4240,1,18.85316744662579,105.45336595027676,0.7339562469461052,"{""geodesic"":true,""type"":""Point"",""coordinates"":[105.45336595027676,18.85316744662579]}"
1_9408,1,13.564066716780639,106.25807678180259,0.7369458724029627,"{""geodesic"":true,""type"":""Point"",""coordinates"":[106.25807678180259,13.564066716780639]}"
1_1547,1,20.445610950786346,105.9271374311282,0.7373174681161028,"{""geodesic"":true,""type"":""Point"",""coordinates"":[105.9271374311282,20.445610950786346]}"
1_5225,1,14.733673216705634,100.41112226044147,0.747944158235915,"{""geodesic"":true,""type"":""Point"",""coordinates"":[100.41112226044147,14.733673216705634]}"
1_5827,1,15.383155167124814,101.51874500577675,0.7536337291952773,"{""geodesic"":true,""type"":""Point"",""coordinates"":[101.51874500577675,15.383155167124814]}"
1_9498,1,20.208994704948985,106.0255029547407,0.7556320697400448,"{""geodesic"":true,""type"":""Point"",""coordinates"":[106.0255029547407,20.208994704948985]}"
1_8342,1,10.810910034007886,106.27155151106457,0.7583859873895581,"{""geodesic"":true,""type"":""Point"",""coordinates"":[106.27155151106457,10.810910034007886]}"
1_6816,1,17.005243075661348,96.88694156926157,0.7587921596221856,"{""geodesic"":true,""type"":""Point"",""coordinates"":[96.88694156926157,17.005243075661348]}"
1_3052,1,14.211123215932693,100.3434791195463,0.7610067496211294,"{""geodesic"":true,""type"":""Point"",""coordinates"":[100.3434791195463,14.211123215932693]}"
1_13472,1,20.909680626563038,106.06377118584474,0.7624677650123313,"{""geodesic"":true,""type"":""Point"",""coordinates"":[106.06377118584474,20.909680626563038]}"
1_14435,1,16.329620150474256,97.56498994572472,0.7640610959539117,"{""geodesic"":true,""type"":""Point"",""coordinates"":[97.56498994572472,16.329620150474256]}"
1_6430,1,17.26045444788,101.8413300243087,0.7661607359960451,"{""geodesic"":true,""type"":""Point"",""coordinates"":[101.8413300243087,17.26045444788]}"
1_1133,1,12.22791256317969,99.99852605043945,0.7771116607805841,"{""geodesic"":true,""type"":""Point"",""coordinates"":[99.99852605043945,12.22791256317969]}"
1_1255,1,17.391967805475254,99.80044753028825,0.7775111235513421,"{""geodesic"":true,""type"":""Point"",""coordinates"":[99.80044753028825,17.391967805475254]}"
1_1048,1,11.218655341470214,106.51760006738844,0.7777789709544672,"{""geodesic"":true,""type"":""Point"",""coordinates"":[106.51760006738844,11.218655341470214]}"
1_1408,1,10.936225016142703,107.06144014040221,0.7793861253391645,"{""geodesic"":true,""type"":""Point"",""coordinates"":[107.06144014040221,10.936225016142703]}"
1_8413,1,10.354386206617807,106.365335626728,0.7820587862018635,"{""geodesic"":true,""type"":""Point"",""coordinates"":[106.365335626728,10.354386206617807]}"
1_5479,1,21.44274091616019,96.23126124337331,0.7823543588839159,"{""geodesic"":true,""type"":""Point"",""coordinates"":[96.23126124337331,21.44274091616019]}"
1_9361,1,11.16772086486058,107.30506324545892,0.7882246027268471,"{""geodesic"":true,""type"":""Point"",""coordinates"":[107.30506324545892,11.16772086486058]}"
1_10966,1,14.5121486676415,100.3855202748437,0.791788909809603,"{""geodesic"":true,""type"":""Point"",""coordinates"":[100.3855202748437,14.5121486676415]}"
1_14194,1,11.131339095853694,106.84584447221043,0.7991563001817543,"{""geodesic"":true,""type"":""Point"",""coordinates"":[106.84584447221043,11.131339095853694]}"
1_5904,1,13.132066896647052,100.80916576284055,0.7996474425399557,"{""geodesic"":true,""type"":""Point"",""coordinates"":[100.80916576284055,13.132066896647052]}"
1_2161,1,14.52050299978382,101.4845191934513,0.8031755646756503,"{""geodesic"":true,""type"":""Point"",""coordinates"":[101.4845191934513,14.52050299978382]}"
1_7071,1,20.553408784880816,106.48795566301207,0.8049249355478955,"{""geodesic"":true,""type"":""Point"",""coordinates"":[106.48795566301207,20.553408784880816]}"
1_11059,1,13.720104081632384,100.45666684534699,0.8054451805725852,"{""geodesic"":true,""type"":""Point"",""coordinates"":[100.45666684534699,13.720104081632384]}"
1_9917,1,19.513698675039656,100.36881161055884,0.8076012374201385,"{""geodesic"":true,""type"":""Point"",""coordinates"":[100.36881161055884,19.513698675039656]}"
1_9816,1,10.564322488516783,106.49792696266594,0.8193319529845241,"{""geodesic"":true,""type"":""Point"",""coordinates"":[106.49792696266594,10.564322488516783]}"
1_2201,1,19.800171419145705,99.11296684334171,0.8240513634736397,"{""geodesic"":true,""type"":""Point"",""coordinates"":[99.11296684334171,19.800171419145705]}"
1_9440,1,18.374545063246345,99.72498904642113,0.8253696635533555,"{""geodesic"":true,""type"":""Point"",""coordinates"":[99.72498904642113,18.374545063246345]}"
1_13852,1,15.16782899352111,102.32695926691069,0.8265512280279037,"{""geodesic"":true,""type"":""Point"",""coordinates"":[102.32695926691069,15.16782899352111]}"
1_1516,1,16.706643075219667,99.77457605010524,0.8293801039396663,"{""geodesic"":true,""type"":""Point"",""coordinates"":[99.77457605010524,16.706643075219667]}"
1_7110,1,11.794295775534682,105.50295295396087,0.8300805933950092,"{""geodesic"":true,""type"":""Point"",""coordinates"":[105.50295295396087,11.794295775534682]}"
1_11185,1,13.444680615521014,102.00302677545254,0.8330074490154161,"{""geodesic"":true,""type"":""Point"",""coordinates"":[102.00302677545254,13.444680615521014]}"
1_6069,1,10.874241261538383,106.76472660205327,0.8373936756245305,"{""geodesic"":true,""type"":""Point"",""coordinates"":[106.76472660205327,10.874241261538383]}"
1_10968,1,15.023379895834521,102.99746179498713,0.8399502914939839,"{""geodesic"":true,""type"":""Point"",""coordinates"":[102.99746179498713,15.023379895834521]}"
1_5592,1,12.220097220207837,106.65854573546882,0.8413140756629138,"{""geodesic"":true,""type"":""Point"",""coordinates"":[106.65854573546882,12.220097220207837]}"
1_854,1,21.705228642180224,105.90584735889426,0.8437392184617618,"{""geodesic"":true,""type"":""Point"",""coordinates"":[105.90584735889426,21.705228642180224]}"
1_11546,1,13.997683504425643,100.57524446285247,0.8497138929747969,"{""geodesic"":true,""type"":""Point"",""coordinates"":[100.57524446285247,13.997683504425643]}"
1_7859,1,21.360814562248393,106.01957407386543,0.8626408083009597,"{""geodesic"":true,""type"":""Point"",""coordinates"":[106.01957407386543,21.360814562248393]}"
1_9748,1,16.79503729917713,103.05809807666607,0.8777369201534461,"{""geodesic"":true,""type"":""Point"",""coordinates"":[103.05809807666607,16.79503729917713]}"
1_5266,1,18.886584775195075,99.01325384680301,0.8845043830867029,"{""geodesic"":true,""type"":""Point"",""coordinates"":[99.01325384680301,18.886584775195075]}"
1_9999,1,21.795239833649106,106.752060356547,0.8883147508162687,"{""geodesic"":true,""type"":""Point"",""coordinates"":[106.752060356547,21.795239833649106]}"
1_12880,1,20.955494706053187,106.60518580759135,0.8884240993700078,"{""geodesic"":true,""type"":""Point"",""coordinates"":[106.60518580759135,20.955494706053187]}"
1_6045,1,19.58295878344535,105.02379158140464,0.8994127588721064,"{""geodesic"":true,""type"":""Point"",""coordinates"":[105.02379158140464,19.58295878344535]}"
1_690,1,16.487813472007893,100.24026269339949,0.9065054297962825,"{""geodesic"":true,""type"":""Point"",""coordinates"":[100.24026269339949,16.487813472007893]}"
1_8702,1,15.297725383604947,104.77100566044977,0.9154236118063457,"{""geodesic"":true,""type"":""Point"",""coordinates"":[104.77100566044977,15.297725383604947]}"
1_9044,1,20.735048135329997,107.04257551943543,0.9169094467198754,"{""geodesic"":true,""type"":""Point"",""coordinates"":[107.04257551943543,20.735048135329997]}"
1_2280,1,18.570467626713047,98.92917153620822,0.9228330853294243,"{""geodesic"":true,""type"":""Point"",""coordinates"":[98.92917153620822,18.570467626713047]}"
1_10057,1,14.54098458826177,100.89324807343534,0.9229381450789567,"{""geodesic"":true,""type"":""Point"",""coordinates"":[100.89324807343534,14.54098458826177]}"
1_7089,1,20.709176655147324,104.22123670656073,0.9279875732031522,"{""geodesic"":true,""type"":""Point"",""coordinates"":[104.22123670656073,20.709176655147324]}"
2_10672,2,12.963363286289207,103.53375601961419,2.1707692727590544E-4,"{""geodesic"":true,""type"":""Point"",""coordinates"":[103.53375601961419,12.963363286289207]}"
2_12384,2,10.900651730891529,106.33811667361879,2.4615147073525634E-4,"{""geodesic"":true,""type"":""Point"",""coordinates"":[106.33811667361879,10.900651730891529]}"
2_10668,2,17.926914557169063,104.9291989819855,3.046819851786342E-4,"{""geodesic"":true,""type"":""Point"",""coordinates"":[104.9291989819855,17.926914557169063]}"
2_1841,2,21.61467846154087,105.44150818852621,4.476412454340606E-4,"{""geodesic"":true,""type"":""Point"",""coordinates"":[105.44150818852621,21.61467846154087]}"
2_5785,2,18.103433510498753,104.52711306080782,7.850798264725789E-4,"{""geodesic"":true,""type"":""Point"",""coordinates"":[104.52711306080782,18.103433510498753]}"
2_6746,2,21.064640013073834,104.09834717569142,9.101278705144766E-4,"{""geodesic"":true,""type"":""Point"",""coordinates"":[104.09834717569142,21.064640013073834]}"
2_13688,2,14.650399389867657,99.00355204173438,9.636594117389263E-4,"{""geodesic"":true,""type"":""Point"",""coordinates"":[99.00355204173438,14.650399389867657]}"
2_6489,2,16.829802100672595,97.06130456591167,9.637365651827823E-4,"{""geodesic"":true,""type"":""Point"",""coordinates"":[97.06130456591167,16.829802100672595]}"
2_2542,2,14.044575562256737,98.37913308773393,0.0011345655539443111,"{""geodesic"":true,""type"":""Point"",""coordinates"":[98.37913308773393,14.044575562256737]}"
2_1687,2,15.826204265253084,100.07640998557373,0.0012498485106635648,"{""geodesic"":true,""type"":""Point"",""coordinates"":[100.07640998557373,15.826204265253084]}"
2_7936,2,17.406520513078007,99.40348200623013,0.0013623020685202825,"{""geodesic"":true,""type"":""Point"",""coordinates"":[99.40348200623013,17.406520513078007]}"
2_841,2,12.922130614748072,103.63885890785768,0.0016288717932015917,"{""geodesic"":true,""type"":""Point"",""coordinates"":[103.63885890785768,12.922130614748072]}"
2_7219,2,6.8479921581099426,101.03715818195336,0.0017219910171829556,"{""geodesic"":true,""type"":""Point"",""coordinates"":[101.03715818195336,6.8479921581099426]}"
2_6240,2,26.048133883261166,95.51790907624375,0.0017260789856220482,"{""geodesic"":true,""type"":""Point"",""coordinates"":[95.51790907624375,26.048133883261166]}"
2_3251,2,22.48487647726847,94.22137062665543,0.0019495178601133256,"{""geodesic"":true,""type"":""Point"",""coordinates"":[94.22137062665543,22.48487647726847]}"
2_1145,2,10.420142885415434,98.19991918854952,0.0020388894890167597,"{""geodesic"":true,""type"":""Point"",""coordinates"":[98.19991918854952,10.420142885415434]}"
2_5450,2,19.15392340374936,100.23702875837661,0.0021641568463839356,"{""geodesic"":true,""type"":""Point"",""coordinates"":[100.23702875837661,19.15392340374936]}"
2_8643,2,20.591946510569585,100.62267550985466,0.002259019443802246,"{""geodesic"":true,""type"":""Point"",""coordinates"":[100.62267550985466,20.591946510569585]}"
2_2257,2,9.258082233877051,97.8802986104552,0.0025120043280775217,"{""geodesic"":true,""type"":""Point"",""coordinates"":[97.8802986104552,9.258082233877051]}"
2_2882,2,21.376714742777324,98.26217243773989,0.0029536476588418736,"{""geodesic"":true,""type"":""Point"",""coordinates"":[98.26217243773989,21.376714742777324]}"
2_2361,2,21.24493189059684,98.26325041608085,0.002977621612980652,"{""geodesic"":true,""type"":""Point"",""coordinates"":[98.26325041608085,21.24493189059684]}"
2_14432,2,13.371108593751538,106.49846595183642,0.0030285023158247437,"{""geodesic"":true,""type"":""Point"",""coordinates"":[106.49846595183642,13.371108593751538]}"
2_10552,2,8.948971944611156,98.97094319692037,0.0033142268439982914,"{""geodesic"":true,""type"":""Point"",""coordinates"":[98.97094319692037,8.948971944611156]}"
2_3660,2,22.901515106043597,103.96791179643539,0.0033956882879326855,"{""geodesic"":true,""type"":""Point"",""coordinates"":[103.96791179643539,22.901515106043597]}"
2_9351,2,19.336101743369014,104.7020150466284,0.003627289438022263,"{""geodesic"":true,""type"":""Point"",""coordinates"":[104.7020150466284,19.336101743369014]}"
2_8839,2,21.84859976152587,101.53572316464685,0.003652440897200959,"{""geodesic"":true,""type"":""Point"",""coordinates"":[101.53572316464685,21.84859976152587]}"
2_14744,2,17.891341271917888,94.31838867734173,0.003777320116750138,"{""geodesic"":true,""type"":""Point"",""coordinates"":[94.31838867734173,17.891341271917888]}"
2_5098,2,20.04460300795492,92.47720167098392,0.0038113812831559457,"{""geodesic"":true,""type"":""Point"",""coordinates"":[92.47720167098392,20.04460300795492]}"
2_4591,2,22.613964383596603,102.00841666715733,0.003862117482870686,"{""geodesic"":true,""type"":""Point"",""coordinates"":[102.00841666715733,22.613964383596603]}"
2_8068,2,10.523089816975652,98.2201312824425,0.004012254669174764,"{""geodesic"":true,""type"":""Point"",""coordinates"":[98.2201312824425,10.523089816975652]}"
2_7729,2,24.815465650390905,96.29809590051276,0.004023629727118894,"{""geodesic"":true,""type"":""Point"",""coordinates"":[96.29809590051276,24.815465650390905]}"
2_11424,2,20.31275012026491,105.97726342398279,0.004143880447979531,"{""geodesic"":true,""type"":""Point"",""coordinates"":[105.97726342398279,20.31275012026491]}"
2_14061,2,10.51096256064002,107.80901811985721,0.00419496592772306,"{""geodesic"":true,""type"":""Point"",""coordinates"":[107.80901811985721,10.51096256064002]}"
2_14217,2,20.169917990089736,103.51731684991456,0.004355527664141601,"{""geodesic"":true,""type"":""Point"",""coordinates"":[103.51731684991456,20.169917990089736]}"
2_14304,2,22.294613300091733,94.45960384000735,0.004419263838860377,"{""geodesic"":true,""type"":""Point"",""coordinates"":[94.45960384000735,22.294613300091733]}"
2_1171,2,21.49529236028124,95.34489355251985,0.0044806791573237525,"{""geodesic"":true,""type"":""Point"",""coordinates"":[95.34489355251985,21.49529236028124]}"
2_12174,2,18.315525749079626,98.31687983854356,0.004481204580706,"{""geodesic"":true,""type"":""Point"",""coordinates"":[98.31687983854356,18.315525749079626]}"
2_1582,2,19.53094632849477,94.76979210761827,0.0046030422303403595,"{""geodesic"":true,""type"":""Point"",""coordinates"":[94.76979210761827,19.53094632849477]}"
2_7394,2,19.940039108883283,92.8631179170472,0.004642655415742936,"{""geodesic"":true,""type"":""Point"",""coordinates"":[92.8631179170472,19.940039108883283]}"
2_10918,2,18.09103675957789,106.51921703489988,0.004837528999103502,"{""geodesic"":true,""type"":""Point"",""coordinates"":[106.51921703489988,18.09103675957789]}"
2_12015,2,20.68465264789083,103.07911865431477,0.0049079064256768445,"{""geodesic"":true,""type"":""Point"",""coordinates"":[103.07911865431477,20.68465264789083]}"
2_13183,2,12.78145444125479,102.94032894291631,0.004985297412074319,"{""geodesic"":true,""type"":""Point"",""coordinates"":[102.94032894291631,12.78145444125479]}"
2_5440,2,6.29660623671673,100.79892496860144,0.005012360947859618,"{""geodesic"":true,""type"":""Point"",""coordinates"":[100.79892496860144,6.29660623671673]}"
2_8598,2,14.00981076076127,104.4923482593119,0.0051071131760181965,"{""geodesic"":true,""type"":""Point"",""coordinates"":[104.4923482593119,14.00981076076127]}"
2_4029,2,12.371283682525334,101.8583081831788,0.005221590270579446,"{""geodesic"":true,""type"":""Point"",""coordinates"":[101.8583081831788,12.371283682525334]}"
2_8958,2,15.421692892813587,108.32536974517653,0.005240352696444406,"{""geodesic"":true,""type"":""Point"",""coordinates"":[108.32536974517653,15.421692892813587]}"
2_3543,2,20.452078820832014,96.43446016064406,0.0052935246867792385,"{""geodesic"":true,""type"":""Point"",""coordinates"":[96.43446016064406,20.452078820832014]}"
2_14842,2,18.15086455750032,97.36691142557352,0.005314774471838257,"{""geodesic"":true,""type"":""Point"",""coordinates"":[97.36691142557352,18.15086455750032]}"
2_1187,2,12.562624838043018,107.22852678325084,0.00534670569203699,"{""geodesic"":true,""type"":""Point"",""coordinates"":[107.22852678325084,12.562624838043018]}"
2_13846,2,19.25740932448005,95.02850690944841,0.005362371520519216,"{""geodesic"":true,""type"":""Point"",""coordinates"":[95.02850690944841,19.25740932448005]}"
2_10416,2,12.795737654272306,107.5796782278182,0.0055908763403358375,"{""geodesic"":true,""type"":""Point"",""coordinates"":[107.5796782278182,12.795737654272306]}"
2_14686,2,13.228545958161602,108.42993364424954,0.005828431379219956,"{""geodesic"":true,""type"":""Point"",""coordinates"":[108.42993364424954,13.228545958161602]}"
2_3168,2,11.965424837159656,107.32581432852238,0.0058432408649634615,"{""geodesic"":true,""type"":""Point"",""coordinates"":[107.32581432852238,11.965424837159656]}"
2_5835,2,15.126865816565212,100.42971738682301,0.005944835613381438,"{""geodesic"":true,""type"":""Point"",""coordinates"":[100.42971738682301,15.126865816565212]}"
2_8094,2,20.85739867702722,96.79854734530294,0.005948860617719931,"{""geodesic"":true,""type"":""Point"",""coordinates"":[96.79854734530294,20.85739867702722]}"
2_9652,2,21.175132793020666,97.76333796046116,0.005965415199283841,"{""geodesic"":true,""type"":""Point"",""coordinates"":[97.76333796046116,21.175132793020666]}"
2_14081,2,23.89837557683221,95.49931394986221,0.00621463430097513,"{""geodesic"":true,""type"":""Point"",""coordinates"":[95.49931394986221,23.89837557683221]}"
2_7509,2,16.417744879846488,96.3967309187105,0.006262533617201749,"{""geodesic"":true,""type"":""Point"",""coordinates"":[96.3967309187105,16.417744879846488]}"
2_11217,2,19.9163235853825,101.92702930241494,0.006340572248094034,"{""geodesic"":true,""type"":""Point"",""coordinates"":[101.92702930241494,19.9163235853825]}"
2_3554,2,6.570143240731451,101.00886125050319,0.00641100459194166,"{""geodesic"":true,""type"":""Point"",""coordinates"":[101.00886125050319,6.570143240731451]}"
2_14083,2,11.145891803456447,106.22573743157382,0.006674143119648868,"{""geodesic"":true,""type"":""Point"",""coordinates"":[106.22573743157382,11.145891803456447]}"
2_1665,2,20.362337123948365,97.60164120931732,0.006697297647513922,"{""geodesic"":true,""type"":""Point"",""coordinates"":[97.60164120931732,20.362337123948365]}"
2_10608,2,21.232535139675974,103.0915154052358,0.006745049229768596,"{""geodesic"":true,""type"":""Point"",""coordinates"":[103.0915154052358,21.232535139675974]}"
2_2645,2,21.496370338622185,93.31425185273851,0.006820637881253644,"{""geodesic"":true,""type"":""Point"",""coordinates"":[93.31425185273851,21.496370338622185]}"
2_5304,2,21.17378532009449,104.76965818752358,0.006823559507059818,"{""geodesic"":true,""type"":""Point"",""coordinates"":[104.76965818752358,21.17378532009449]}"
2_10650,2,16.046920330561512,98.38425348485349,0.0070076626263742,"{""geodesic"":true,""type"":""Point"",""coordinates"":[98.38425348485349,16.046920330561512]}"
2_2356,2,13.71821761953573,105.8958760592404,0.007065131398761637,"{""geodesic"":true,""type"":""Point"",""coordinates"":[105.8958760592404,13.71821761953573]}"
2_6097,2,21.879052649657552,106.78278273926433,0.0071428962115129835,"{""geodesic"":true,""type"":""Point"",""coordinates"":[106.78278273926433,21.879052649657552]}"
2_10230,2,9.335966169010302,98.16353741954215,0.00721622367693886,"{""geodesic"":true,""type"":""Point"",""coordinates"":[98.16353741954215,9.335966169010302]}"
2_14389,2,18.811395785914186,102.5983403142471,0.007250528318956229,"{""geodesic"":true,""type"":""Point"",""coordinates"":[102.5983403142471,18.811395785914186]}"
2_10879,2,11.294113825336343,103.98866287949885,0.007281298022140281,"{""geodesic"":true,""type"":""Point"",""coordinates"":[103.98866287949885,11.294113825336343]}"
2_7162,2,20.23244073386453,102.97698020650891,0.0073036375686601485,"{""geodesic"":true,""type"":""Point"",""coordinates"":[102.97698020650891,20.23244073386453]}"
2_3553,2,16.501827190440174,95.52653290297143,0.007304880050780227,"{""geodesic"":true,""type"":""Point"",""coordinates"":[95.52653290297143,16.501827190440174]}"
2_8463,2,24.089447237764652,94.2469726122532,0.007431003167228556,"{""geodesic"":true,""type"":""Point"",""coordinates"":[94.2469726122532,24.089447237764652]}"
2_13716,2,22.021345790662252,93.68265095076121,0.00754544982286709,"{""geodesic"":true,""type"":""Point"",""coordinates"":[93.68265095076121,22.021345790662252]}"
2_3063,2,12.409012924458398,101.11504211708764,0.007567198821859966,"{""geodesic"":true,""type"":""Point"",""coordinates"":[101.11504211708764,12.409012924458398]}"
2_7384,2,21.10102178208072,107.5600051230957,0.007582559981505366,"{""geodesic"":true,""type"":""Point"",""coordinates"":[107.5600051230957,21.10102178208072]}"
2_2595,2,18.44919506335677,103.79085385393289,0.007646137443048651,"{""geodesic"":true,""type"":""Point"",""coordinates"":[103.79085385393289,18.44919506335677]}"
2_8814,2,17.481440007773664,104.85643544397077,0.00766572863159265,"{""geodesic"":true,""type"":""Point"",""coordinates"":[104.85643544397077,17.481440007773664]}"
2_14472,2,18.126610044829064,95.1403471623229,0.007821473395142498,"{""geodesic"":true,""type"":""Point"",""coordinates"":[95.1403471623229,18.126610044829064]}"
2_7847,2,20.179350300573006,104.69393020907121,0.007871033154332241,"{""geodesic"":true,""type"":""Point"",""coordinates"":[104.69393020907121,20.179350300573006]}"
2_1425,2,18.96608567783975,97.77250077635931,0.007911077490564522,"{""geodesic"":true,""type"":""Point"",""coordinates"":[97.77250077635931,18.96608567783975]}"
2_720,2,20.444802467030634,98.57640312412941,0.00794357050892247,"{""geodesic"":true,""type"":""Point"",""coordinates"":[98.57640312412941,20.444802467030634]}"
2_6630,2,10.62819270521776,105.29517262874104,0.007947641789562865,"{""geodesic"":true,""type"":""Point"",""coordinates"":[105.29517262874104,10.62819270521776]}"
2_12479,2,17.656880982762416,105.02325259223416,0.008078011696714849,"{""geodesic"":true,""type"":""Point"",""coordinates"":[105.02325259223416,17.656880982762416]}"
2_1409,2,6.448870677375172,99.12832803470037,0.008149654756619773,"{""geodesic"":true,""type"":""Point"",""coordinates"":[99.12832803470037,6.448870677375172]}"
2_1061,2,15.919179897159564,106.93828111494766,0.008198264511133257,"{""geodesic"":true,""type"":""Point"",""coordinates"":[106.93828111494766,15.919179897159564]}"
2_1362,2,17.94443170520941,103.72913959391299,0.00828921995712606,"{""geodesic"":true,""type"":""Point"",""coordinates"":[103.72913959391299,17.94443170520941]}"
2_4549,2,19.097868530020236,101.9566737067913,0.00852265908448313,"{""geodesic"":true,""type"":""Point"",""coordinates"":[101.9566737067913,19.097868530020236]}"
2_2029,2,9.43675714388863,99.51505276451938,0.00854777451082489,"{""geodesic"":true,""type"":""Point"",""coordinates"":[99.51505276451938,9.43675714388863]}"
2_7808,2,25.123228466730616,94.67412152985817,0.008839699533847556,"{""geodesic"":true,""type"":""Point"",""coordinates"":[94.67412152985817,25.123228466730616]}"
2_6956,2,16.00460968067943,101.5319502404535,0.009004914531571928,"{""geodesic"":true,""type"":""Point"",""coordinates"":[101.5319502404535,16.00460968067943]}"
2_13575,2,16.028864193350685,98.77825456847397,0.00916668274274035,"{""geodesic"":true,""type"":""Point"",""coordinates"":[98.77825456847397,16.028864193350685]}"
2_6237,2,24.743780090718083,95.81381413083697,0.009199067705400465,"{""geodesic"":true,""type"":""Point"",""coordinates"":[95.81381413083697,24.743780090718083]}"
2_5036,2,13.970195056731553,104.73516288061289,0.00932682089972281,"{""geodesic"":true,""type"":""Point"",""coordinates"":[104.73516288061289,13.970195056731553]}"
2_5320,2,12.858529892632335,108.89966270632239,0.009410534627207201,"{""geodesic"":true,""type"":""Point"",""coordinates"":[108.89966270632239,12.858529892632335]}"
2_13834,2,10.796087831819893,103.41517840210871,0.009428695497276096,"{""geodesic"":true,""type"":""Point"",""coordinates"":[103.41517840210871,10.796087831819893]}"
2_136,2,25.45928821452013,97.83017261760061,0.00945371852896748,"{""geodesic"":true,""type"":""Point"",""coordinates"":[97.83017261760061,25.45928821452013]}"
2_6264,2,10.261949563881796,107.02209393095721,0.009634863820581652,"{""geodesic"":true,""type"":""Point"",""coordinates"":[107.02209393095721,10.261949563881796]}"
2_7983,2,25.42721835887702,95.40094842624971,0.009640509645785889,"{""geodesic"":true,""type"":""Point"",""coordinates"":[95.40094842624971,25.42721835887702]}"
2_9167,2,11.53477248995225,108.18496306626663,0.009801177272727224,"{""geodesic"":true,""type"":""Point"",""coordinates"":[108.18496306626663,11.53477248995225]}"
2_6569,2,23.5310544571553,105.3329018706746,0.009902026490446802,"{""geodesic"":true,""type"":""Point"",""coordinates"":[105.3329018706746,23.5310544571553]}"
2_7872,2,24.72222052389919,94.5040704465719,0.010006366306610559,"{""geodesic"":true,""type"":""Point"",""coordinates"":[94.5040704465719,24.72222052389919]}"
2_2429,2,26.92830319864251,96.24392748887958,0.010044596489720892,"{""geodesic"":true,""type"":""Point"",""coordinates"":[96.24392748887958,26.92830319864251]}"
2_3412,2,20.09769344124644,93.88665835178769,0.010057535307755994,"{""geodesic"":true,""type"":""Point"",""coordinates"":[93.88665835178769,20.09769344124644]}"
2_1955,2,19.488635678612688,98.59445926134048,0.010095951062328301,"{""geodesic"":true,""type"":""Point"",""coordinates"":[98.59445926134048,19.488635678612688]}"
2_14386,2,27.855095077269716,98.27483868324616,0.010143057747450945,"{""geodesic"":true,""type"":""Point"",""coordinates"":[98.27483868324616,27.855095077269716]}"
2_554,2,21.317156439440133,98.79038182480976,0.01015840291761494,"{""geodesic"":true,""type"":""Point"",""coordinates"":[98.79038182480976,21.317156439440133]}"
2_9920,2,13.682913828869792,100.0233195522815,0.010318688209579041,"{""geodesic"":true,""type"":""Point"",""coordinates"":[100.0233195522815,13.682913828869792]}"
2_9382,2,15.210948127158899,107.58210367908536,0.010429504608969853,"{""geodesic"":true,""type"":""Point"",""coordinates"":[107.58210367908536,15.210948127158899]}"
2_7565,2,27.139317458882438,98.20854301527719,0.010481975455871373,"{""geodesic"":true,""type"":""Point"",""coordinates"":[98.20854301527719,27.139317458882438]}"
2_11251,2,14.214896140126,108.59432534124578,0.010540766101895138,"{""geodesic"":true,""type"":""Point"",""coordinates"":[108.59432534124578,14.214896140126]}"
2_13912,2,12.962824297118734,100.0680556534313,0.010616602477587334,"{""geodesic"":true,""type"":""Point"",""coordinates"":[100.0680556534313,12.962824297118734]}"
2_309,2,16.83384451945114,106.96361360596019,0.010751192699911427,"{""geodesic"":true,""type"":""Point"",""coordinates"":[106.96361360596019,16.83384451945114]}"
2_8850,2,12.324122130109,109.05111866322711,0.010771186975159441,"{""geodesic"":true,""type"":""Point"",""coordinates"":[109.05111866322711,12.324122130109]}"
2_10196,2,18.95907881862361,101.67909428399439,0.01085386391706833,"{""geodesic"":true,""type"":""Point"",""coordinates"":[101.67909428399439,18.95907881862361]}"
2_9683,2,7.320685660614192,98.3327800190727,0.011336265425781256,"{""geodesic"":true,""type"":""Point"",""coordinates"":[98.3327800190727,7.320685660614192]}"
2_2785,2,17.57764957470298,99.64467966001969,0.011399894168138913,"{""geodesic"":true,""type"":""Point"",""coordinates"":[99.64467966001969,17.57764957470298]}"
2_1375,2,19.341222140488505,96.21077965489509,0.011507540819929885,"{""geodesic"":true,""type"":""Point"",""coordinates"":[96.21077965489509,19.341222140488505]}"
2_4998,2,17.500843617910668,100.47364500421709,0.01155978935839752,"{""geodesic"":true,""type"":""Point"",""coordinates"":[100.47364500421709,17.500843617910668]}"
2_3747,2,24.67721492816475,94.98619625956577,0.011784625900458368,"{""geodesic"":true,""type"":""Point"",""coordinates"":[94.98619625956577,24.67721492816475]}"
2_2733,2,20.26693604077476,97.01010059471612,0.011786537968057065,"{""geodesic"":true,""type"":""Point"",""coordinates"":[97.01010059471612,20.26693604077476]}"
2_7311,2,15.380460221272452,104.40880493788758,0.011953861119833764,"{""geodesic"":true,""type"":""Point"",""coordinates"":[104.40880493788758,15.380460221272452]}"
2_14172,2,19.756513296337445,93.79503019280618,0.012003878437902293,"{""geodesic"":true,""type"":""Point"",""coordinates"":[93.79503019280618,19.756513296337445]}"
2_5164,2,17.681674484604144,104.75348851240919,0.012035198645192091,"{""geodesic"":true,""type"":""Point"",""coordinates"":[104.75348851240919,17.681674484604144]}"
2_2729,2,25.570589478222665,97.06804193054266,0.012094215101166372,"{""geodesic"":true,""type"":""Point"",""coordinates"":[97.06804193054266,25.570589478222665]}"
2_4892,2,18.70898784352444,94.4728090746841,0.01240104589443547,"{""geodesic"":true,""type"":""Point"",""coordinates"":[94.4728090746841,18.70898784352444]}"
2_3031,2,13.094607149299224,106.82428490539125,0.012476275905853762,"{""geodesic"":true,""type"":""Point"",""coordinates"":[106.82428490539125,13.094607149299224]}"
2_12423,2,6.369100280145265,100.1338123322298,0.012538179181827869,"{""geodesic"":true,""type"":""Point"",""coordinates"":[100.1338123322298,6.369100280145265]}"
2_937,2,10.49694884220774,107.88312913079814,0.012744575923340107,"{""geodesic"":true,""type"":""Point"",""coordinates"":[107.88312913079814,10.49694884220774]}"
2_9479,2,22.40187214501573,102.63014067530538,0.012864626291001269,"{""geodesic"":true,""type"":""Point"",""coordinates"":[102.63014067530538,22.40187214501573]}"
2_1856,2,15.519249932669082,101.29156107041966,0.012885567146443622,"{""geodesic"":true,""type"":""Point"",""coordinates"":[101.29156107041966,15.519249932669082]}"
2_216,2,11.781360035443345,103.68871540612703,0.013002088005162449,"{""geodesic"":true,""type"":""Point"",""coordinates"":[103.68871540612703,11.781360035443345]}"
2_10546,2,15.040627549289637,107.57267136860197,0.013128301399640607,"{""geodesic"":true,""type"":""Point"",""coordinates"":[107.57267136860197,15.040627549289637]}"
2_3813,2,27.114793451625943,97.77627370055266,0.01361402895366759,"{""geodesic"":true,""type"":""Point"",""coordinates"":[97.77627370055266,27.114793451625943]}"
2_11522,2,18.08618585704364,100.27529698948065,0.013638697598879257,"{""geodesic"":true,""type"":""Point"",""coordinates"":[100.27529698948065,18.08618585704364]}"
2_529,2,12.701145054854411,109.18748292335842,0.013664313118915028,"{""geodesic"":true,""type"":""Point"",""coordinates"":[109.18748292335842,12.701145054854411]}"
2_7336,2,19.782384776520118,97.46743290586794,0.013837966914570177,"{""geodesic"":true,""type"":""Point"",""coordinates"":[97.46743290586794,19.782384776520118]}"
2_2022,2,14.77409740449106,107.5640475418743,0.014128539392484152,"{""geodesic"":true,""type"":""Point"",""coordinates"":[107.5640475418743,14.77409740449106]}"
2_8947,2,23.082615467322306,93.78236394729991,0.014160218288814752,"{""geodesic"":true,""type"":""Point"",""coordinates"":[93.78236394729991,23.082615467322306]}"
2_7233,2,17.27177322045992,103.95740150761104,0.014250567965850003,"{""geodesic"":true,""type"":""Point"",""coordinates"":[103.95740150761104,17.27177322045992]}"
2_10449,2,23.592229728003915,95.38289228903865,0.014446716673966575,"{""geodesic"":true,""type"":""Point"",""coordinates"":[95.38289228903865,23.592229728003915]}"
2_758,2,16.53039361647521,94.67169607859101,0.014785714330789568,"{""geodesic"":true,""type"":""Point"",""coordinates"":[94.67169607859101,16.53039361647521]}"
2_6470,2,15.495534409168298,106.12818039171704,0.014789314581163837,"{""geodesic"":true,""type"":""Point"",""coordinates"":[106.12818039171704,15.495534409168298]}"
2_12067,2,17.83393892526258,104.26273887268765,0.014816455909265835,"{""geodesic"":true,""type"":""Point"",""coordinates"":[104.26273887268765,17.83393892526258]}"
2_9070,2,25.28088279909378,98.18321052426465,0.014918170786932472,"{""geodesic"":true,""type"":""Point"",""coordinates"":[98.18321052426465,25.28088279909378]}"
2_10139,2,11.34855173155405,103.81187443158159,0.014999389553529752,"{""geodesic"":true,""type"":""Point"",""coordinates"":[103.81187443158159,11.34855173155405]}"
2_2884,2,18.673414558273265,102.6506222637836,0.015011060910234075,"{""geodesic"":true,""type"":""Point"",""coordinates"":[102.6506222637836,18.673414558273265]}"
2_9419,2,8.638514182419083,97.70162370044126,0.015135887665988945,"{""geodesic"":true,""type"":""Point"",""coordinates"":[97.70162370044126,8.638514182419083]}"
2_9722,2,16.467062388944704,102.45685565699624,0.015344397525046016,"{""geodesic"":true,""type"":""Point"",""coordinates"":[102.45685565699624,16.467062388944704]}"
2_5497,2,20.691390012521737,107.47807876918283,0.015534192117313106,"{""geodesic"":true,""type"":""Point"",""coordinates"":[107.47807876918283,20.691390012521737]}"
2_4579,2,24.212067274047115,93.36761178061597,0.01554668363898093,"{""geodesic"":true,""type"":""Point"",""coordinates"":[93.36761178061597,24.212067274047115]}"
2_3545,2,17.004973581076108,105.9441155899983,0.015735504341556128,"{""geodesic"":true,""type"":""Point"",""coordinates"":[105.9441155899983,17.004973581076108]}"
2_1350,2,17.337529899257547,94.69298615082495,0.015878601830497496,"{""geodesic"":true,""type"":""Point"",""coordinates"":[94.69298615082495,17.337529899257547]}"
2_3362,2,13.303195958272022,109.29366378994287,0.01589420622292126,"{""geodesic"":true,""type"":""Point"",""coordinates"":[109.29366378994287,13.303195958272022]}"
2_547,2,22.834680448905026,95.21041575448523,0.0160244530460959,"{""geodesic"":true,""type"":""Point"",""coordinates"":[95.21041575448523,22.834680448905026]}"
2_7993,2,23.50141005277932,97.56795438616236,0.016045201181390967,"{""geodesic"":true,""type"":""Point"",""coordinates"":[97.56795438616236,23.50141005277932]}"
2_8023,2,23.708381894240702,97.23135564919794,0.01605250048898632,"{""geodesic"":true,""type"":""Point"",""coordinates"":[97.23135564919794,23.708381894240702]}"
2_13902,2,15.84479939163438,107.07545385883468,0.016236711350098076,"{""geodesic"":true,""type"":""Point"",""coordinates"":[107.07545385883468,15.84479939163438]}"
2_14609,2,18.767468168520686,94.11518976007098,0.016296369647918474,"{""geodesic"":true,""type"":""Point"",""coordinates"":[94.11518976007098,18.767468168520686]}"
2_3935,2,22.954605539335127,105.08308039015738,0.016351414046940405,"{""geodesic"":true,""type"":""Point"",""coordinates"":[105.08308039015738,22.954605539335127]}"
2_11175,2,12.054358050287593,105.27765548070046,0.016352714125288825,"{""geodesic"":true,""type"":""Point"",""coordinates"":[105.27765548070046,12.054358050287593]}"
2_14063,2,12.87577754608745,101.97499933858761,0.01652339534377112,"{""geodesic"":true,""type"":""Point"",""coordinates"":[101.97499933858761,12.87577754608745]}"
2_9773,2,27.21720139401569,97.82909463925965,0.016549569270876918,"{""geodesic"":true,""type"":""Point"",""coordinates"":[97.82909463925965,27.21720139401569]}"
2_8317,2,10.2746158093879,107.31853797472091,0.016564041648385208,"{""geodesic"":true,""type"":""Point"",""coordinates"":[107.31853797472091,10.2746158093879]}"
2_8018,2,19.312925209038703,102.26901793108415,0.01662240318436692,"{""geodesic"":true,""type"":""Point"",""coordinates"":[102.26901793108415,19.312925209038703]}"
2_11626,2,10.477275737485503,106.82832732416985,0.01678307950420943,"{""geodesic"":true,""type"":""Point"",""coordinates"":[106.82832732416985,10.477275737485503]}"
2_10023,2,11.079326640903115,103.05109121744984,0.016802767521862605,"{""geodesic"":true,""type"":""Point"",""coordinates"":[103.05109121744984,11.079326640903115]}"
2_8961,2,21.285625572967497,97.34157893456099,0.01701744654252202,"{""geodesic"":true,""type"":""Point"",""coordinates"":[97.34157893456099,21.285625572967497]}"
2_733,2,22.632020520807423,102.30108778672768,0.017240600385992955,"{""geodesic"":true,""type"":""Point"",""coordinates"":[102.30108778672768,22.632020520807423]}"
2_8002,2,23.435653373981694,94.74634607870242,0.017258218384556212,"{""geodesic"":true,""type"":""Point"",""coordinates"":[94.74634607870242,23.435653373981694]}"
2_11038,2,10.67158133344078,103.62942659737429,0.01734014976191267,"{""geodesic"":true,""type"":""Point"",""coordinates"":[103.62942659737429,10.67158133344078]}"
2_5886,2,9.139235121787895,99.23343092294387,0.01736175440355392,"{""geodesic"":true,""type"":""Point"",""coordinates"":[99.23343092294387,9.139235121787895]}"
2_14649,2,17.927184051754296,106.49280656554639,0.01742069367422605,"{""geodesic"":true,""type"":""Point"",""coordinates"":[106.49280656554639,17.927184051754296]}"
2_5179,2,17.628853545897854,97.25830510772191,0.01746769373216628,"{""geodesic"":true,""type"":""Point"",""coordinates"":[97.25830510772191,17.628853545897854]}"
2_9634,2,18.867720154228543,98.7682832688201,0.017630062237124378,"{""geodesic"":true,""type"":""Point"",""coordinates"":[98.7682832688201,18.867720154228543]}"
2_9718,2,9.220352991943987,98.63245799785928,0.01772972790380889,"{""geodesic"":true,""type"":""Point"",""coordinates"":[98.63245799785928,9.220352991943987]}"
2_2803,2,6.364518872196246,100.39117966113373,0.01777234779447745,"{""geodesic"":true,""type"":""Point"",""coordinates"":[100.39117966113373,6.364518872196246]}"
2_1594,2,10.114805520342845,103.3092670301095,0.01782524513142858,"{""geodesic"":true,""type"":""Point"",""coordinates"":[103.3092670301095,10.114805520342845]}"
2_6743,2,21.551886223180837,100.48738922806432,0.01788251131856733,"{""geodesic"":true,""type"":""Point"",""coordinates"":[100.48738922806432,21.551886223180837]}"
2_13933,2,27.578324138232162,98.87365565164883,0.017929792152814428,"{""geodesic"":true,""type"":""Point"",""coordinates"":[98.87365565164883,27.578324138232162]}"
2_6175,2,19.546038025267997,99.53445637465664,0.01801694402233711,"{""geodesic"":true,""type"":""Point"",""coordinates"":[99.53445637465664,19.546038025267997]}"
2_9409,2,21.863421963713854,101.81977045748953,0.018185668173081315,"{""geodesic"":true,""type"":""Point"",""coordinates"":[101.81977045748953,21.863421963713854]}"
2_2933,2,19.671353007402814,98.72812857561938,0.018297093206974924,"{""geodesic"":true,""type"":""Point"",""coordinates"":[98.72812857561938,19.671353007402814]}"
2_5376,2,18.952880443163174,105.71369771961834,0.018350309026124223,"{""geodesic"":true,""type"":""Point"",""coordinates"":[105.71369771961834,18.952880443163174]}"
2_2628,2,14.244001555331506,102.03267117982891,0.018461002171631824,"{""geodesic"":true,""type"":""Point"",""coordinates"":[102.03267117982891,14.244001555331506]}"
2_13234,2,22.363873408497433,103.96279139931583,0.01854089255339597,"{""geodesic"":true,""type"":""Point"",""coordinates"":[103.96279139931583,22.363873408497433]}"
2_11582,2,14.90022087038159,97.87922063211424,0.018555743898916566,"{""geodesic"":true,""type"":""Point"",""coordinates"":[97.87922063211424,14.90022087038159]}"
2_7473,2,20.226511852989333,103.22006432239515,0.018561596826715543,"{""geodesic"":true,""type"":""Point"",""coordinates"":[103.22006432239515,20.226511852989333]}"
2_1355,2,9.557760212659677,104.89928508302388,0.018571062866557297,"{""geodesic"":true,""type"":""Point"",""coordinates"":[104.89928508302388,9.557760212659677]}"
2_4523,2,24.046867093297337,98.16084247368975,0.01864850229539816,"{""geodesic"":true,""type"":""Point"",""coordinates"":[98.16084247368975,24.046867093297337]}"
2_10868,2,26.30846565259931,97.9983372387902,0.01868164880557721,"{""geodesic"":true,""type"":""Point"",""coordinates"":[97.9983372387902,26.30846565259931]}"
2_2967,2,12.853140000927612,104.21800277153785,0.018735306235227678,"{""geodesic"":true,""type"":""Point"",""coordinates"":[104.21800277153785,12.853140000927612]}"
2_4311,2,21.54838279357277,96.5921144930093,0.01875012520184971,"{""geodesic"":true,""type"":""Point"",""coordinates"":[96.5921144930093,21.54838279357277]}"
2_12477,2,10.824115268684455,99.4724726200515,0.018777135632258135,"{""geodesic"":true,""type"":""Point"",""coordinates"":[99.4724726200515,10.824115268684455]}"
2_13498,2,24.541928646376192,96.4258363339164,0.018794534968403553,"{""geodesic"":true,""type"":""Point"",""coordinates"":[96.4258363339164,24.541928646376192]}"
2_6439,2,20.233518712205473,99.20540348607894,0.018830491612438327,"{""geodesic"":true,""type"":""Point"",""coordinates"":[99.20540348607894,20.233518712205473]}"
2_443,2,22.148277740308494,94.5814153925357,0.01889534110811275,"{""geodesic"":true,""type"":""Point"",""coordinates"":[94.5814153925357,22.148277740308494]}"
2_6644,2,20.24941889273441,99.4608843528862,0.018944948553378138,"{""geodesic"":true,""type"":""Point"",""coordinates"":[99.4608843528862,20.24941889273441]}"
2_11340,2,21.90627160276641,98.50202261860325,0.018960888980360413,"{""geodesic"":true,""type"":""Point"",""coordinates"":[98.50202261860325,21.90627160276641]}"
