system:index,AssemblageMode,latitude,longitude,x,.geo
0_13065,0,22.59240482,94.37013164,4.02E-04,"{""geodesic"":true,""type"":""Point"",""coordinates"":[94.37013163770776,22.59240481677771]}"
0_6600,0,22.75517955,94.92744644,0.00264267,"{""geodesic"":true,""type"":""Point"",""coordinates"":[94.92744643998351,22.755179546260358]}"
0_5362,0,22.78401547,106.8029948,0.004686633,"{""geodesic"":true,""type"":""Point"",""coordinates"":[106.80299483315731,22.784015466880625]}"
0_5563,0,20.29334651,97.78328056,0.005941664,"{""geodesic"":true,""type"":""Point"",""coordinates"":[97.7832805597689,20.293346510127904]}"
0_5704,0,20.36988297,102.2730603,0.006962366,"{""geodesic"":true,""type"":""Point"",""coordinates"":[102.27306034986275,20.369882972334977]}"
0_8481,0,20.88030572,100.2461916,0.007757127,"{""geodesic"":true,""type"":""Point"",""coordinates"":[100.24619157427476,20.88030571677229]}"
0_1428,0,17.03839091,102.2248208,0.008425636,"{""geodesic"":true,""type"":""Point"",""coordinates"":[102.22482081910483,17.038390909645393]}"
0_7818,0,8.589466168,106.8948925,0.009284734,"{""geodesic"":true,""type"":""Point"",""coordinates"":[106.89489248672406,8.5894661679061]}"
0_171,0,16.34875427,98.75831197,0.009776057,"{""geodesic"":true,""type"":""Point"",""coordinates"":[98.75831196916623,16.348754266026027]}"
0_3386,0,15.34704289,106.8938145,0.009913182,"{""geodesic"":true,""type"":""Point"",""coordinates"":[106.8938145083831,15.347042892703167]}"
0_5284,0,21.90276817,96.70476323,0.010113616,"{""geodesic"":true,""type"":""Point"",""coordinates"":[96.70476322963951,21.902768173158336]}"
0_3719,0,22.01622539,94.01736323,0.01027226,"{""geodesic"":true,""type"":""Point"",""coordinates"":[94.01736322562896,22.01622539354277]}"
0_8454,0,16.71364993,102.264167,0.010798608,"{""geodesic"":true,""type"":""Point"",""coordinates"":[102.26416702854983,16.713649934435807]}"
0_12277,0,14.05993675,104.8464641,0.012712877,"{""geodesic"":true,""type"":""Point"",""coordinates"":[104.8464641443169,14.0599367536152]}"
0_9934,0,22.58620644,98.54244681,0.013563607,"{""geodesic"":true,""type"":""Point"",""coordinates"":[98.54244680638921,22.586206441317273]}"
0_7845,0,14.33185679,104.8893138,0.014096028,"{""geodesic"":true,""type"":""Point"",""coordinates"":[104.88931378337001,14.331856790118499]}"
0_10522,0,13.41234127,103.2782752,0.016648812,"{""geodesic"":true,""type"":""Point"",""coordinates"":[103.27827515280693,13.412341265292673]}"
0_13850,0,21.83916745,94.65229247,0.017011986,"{""geodesic"":true,""type"":""Point"",""coordinates"":[94.65229246845375,21.8391674510426]}"
0_3351,0,11.72395769,107.6036632,0.019621241,"{""geodesic"":true,""type"":""Point"",""coordinates"":[107.60366324590454,11.723957688788044]}"
0_3627,0,17.57441564,103.8805956,0.020099588,"{""geodesic"":true,""type"":""Point"",""coordinates"":[103.88059555081772,17.574415639680147]}"
0_6469,0,12.94611563,107.2702984,0.021790474,"{""geodesic"":true,""type"":""Point"",""coordinates"":[107.270298443963,12.946115632834092]}"
0_14009,0,24.60283442,95.07647695,0.021908573,"{""geodesic"":true,""type"":""Point"",""coordinates"":[95.07647694562108,24.602834422639567]}"
0_7394,0,8.480590355,106.5979095,0.022951991,"{""geodesic"":true,""type"":""Point"",""coordinates"":[106.59790945378988,8.480590355470685]}"
0_271,0,22.49403929,102.7743203,0.023304114,"{""geodesic"":true,""type"":""Point"",""coordinates"":[102.77432027840864,22.4940392931665]}"
0_14428,0,18.78633279,97.63236359,0.023903892,"{""geodesic"":true,""type"":""Point"",""coordinates"":[97.63236359203465,18.78633278948722]}"
0_5501,0,13.45680787,98.45189663,0.024382822,"{""geodesic"":true,""type"":""Point"",""coordinates"":[98.45189662574866,13.456807871856642]}"
0_6411,0,23.827768,97.79406034,0.024476542,"{""geodesic"":true,""type"":""Point"",""coordinates"":[97.79406034317849,23.82776799550033]}"
0_10911,0,8.817728082,106.8528513,0.026114053,"{""geodesic"":true,""type"":""Point"",""coordinates"":[106.85285133142666,8.817728081601143]}"
0_4895,0,10.15873314,114.2971003,0.027229222,"{""geodesic"":true,""type"":""Point"",""coordinates"":[114.29710025950364,10.158733137736345]}"
0_9285,0,15.65480571,105.7708306,0.028134614,"{""geodesic"":true,""type"":""Point"",""coordinates"":[105.77083057168916,15.654805709042877]}"
0_10465,0,16.85998549,98.22120926,0.029222939,"{""geodesic"":true,""type"":""Point"",""coordinates"":[98.22120926078345,16.859985494219046]}"
0_8647,0,20.50651673,96.9451524,0.029934093,"{""geodesic"":true,""type"":""Point"",""coordinates"":[96.94515239967335,20.50651672704972]}"
0_4414,0,21.0355346,98.34679374,0.030076937,"{""geodesic"":true,""type"":""Point"",""coordinates"":[98.34679373750517,21.035534597868327]}"
0_11568,0,19.15068947,97.15859211,0.031773113,"{""geodesic"":true,""type"":""Point"",""coordinates"":[97.15859211118321,19.150689468726526]}"
0_3742,0,20.93312666,107.4549022,0.03211131,"{""geodesic"":true,""type"":""Point"",""coordinates"":[107.45490223485221,20.93312665547858]}"
0_13624,0,19.87697738,100.4127392,0.03336626,"{""geodesic"":true,""type"":""Point"",""coordinates"":[100.41273922795291,19.87697737593802]}"
0_319,0,22.84572973,106.6965445,0.033465257,"{""geodesic"":true,""type"":""Point"",""coordinates"":[106.69654447198762,22.845729726899712]}"
0_11440,0,23.51596276,97.79163489,0.034441972,"{""geodesic"":true,""type"":""Point"",""coordinates"":[97.79163489191133,23.515962760382074]}"
0_2100,0,16.52689019,107.3837557,0.0347369,"{""geodesic"":true,""type"":""Point"",""coordinates"":[107.38375566434893,16.526890186867135]}"
0_4108,0,15.86177755,104.3985641,0.034978544,"{""geodesic"":true,""type"":""Point"",""coordinates"":[104.39856414364847,15.861777550504259]}"
0_1357,0,12.81487177,99.8667432,0.035008238,"{""geodesic"":true,""type"":""Point"",""coordinates"":[99.86674319825723,12.814871769824075]}"
0_8794,0,17.97272864,98.0896959,0.035063491,"{""geodesic"":true,""type"":""Point"",""coordinates"":[98.08969590318647,17.972728636659212]}"
0_4053,0,19.31049976,94.70241846,0.036186974,"{""geodesic"":true,""type"":""Point"",""coordinates"":[94.70241846130834,19.31049975777158]}"
0_14609,0,19.5126207,98.38640944,0.037534819,"{""geodesic"":true,""type"":""Point"",""coordinates"":[98.3864094415354,19.51262069669871]}"
0_13327,0,21.03337864,107.0606317,0.038365261,"{""geodesic"":true,""type"":""Point"",""coordinates"":[107.06063165664649,21.033378641186438]}"
0_13071,0,20.50031835,99.27142966,0.041643538,"{""geodesic"":true,""type"":""Point"",""coordinates"":[99.27142965946267,20.500318351589286]}"
0_4281,0,22.28518099,101.5373401,0.042274752,"{""geodesic"":true,""type"":""Point"",""coordinates"":[101.53734013215829,22.28518098960847]}"
0_11006,0,14.65444181,105.6457851,0.042937811,"{""geodesic"":true,""type"":""Point"",""coordinates"":[105.64578508413793,14.6544418086462]}"
0_14001,0,22.39001438,92.99409229,0.044097049,"{""geodesic"":true,""type"":""Point"",""coordinates"":[92.99409228547371,22.39001438326534]}"
0_3013,0,16.77239975,100.8857022,0.044939816,"{""geodesic"":true,""type"":""Point"",""coordinates"":[100.88570222504863,16.772399754017293]}"
1_6095,1,17.03003658,107.2473914,1.72E-04,"{""geodesic"":true,""type"":""Point"",""coordinates"":[107.24739140421762,17.030036577503076]}"
1_12739,1,17.59893965,94.34749409,4.50E-04,"{""geodesic"":true,""type"":""Point"",""coordinates"":[94.34749409254762,17.598939646936635]}"
1_2177,1,7.730856419,98.6421598,6.07E-04,"{""geodesic"":true,""type"":""Point"",""coordinates"":[98.6421598029279,7.730856419343649]}"
1_5355,1,8.810721222,105.0334934,0.00133267,"{""geodesic"":true,""type"":""Point"",""coordinates"":[105.03349338647327,8.810721222385002]}"
1_3150,1,8.761134219,97.87814265,0.001805552,"{""geodesic"":true,""type"":""Point"",""coordinates"":[97.87814265377328,8.761134218701546]}"
1_2740,1,17.06560986,96.94623038,0.00194934,"{""geodesic"":true,""type"":""Point"",""coordinates"":[96.9462303780143,17.06560986275425]}"
1_6988,1,7.996308586,98.86395385,0.002006116,"{""geodesic"":true,""type"":""Point"",""coordinates"":[98.8639538465802,7.996308585801284]}"
1_4773,1,10.41151906,102.9300881,0.002101646,"{""geodesic"":true,""type"":""Point"",""coordinates"":[102.9300881486772,10.411519058687876]}"
1_6748,1,16.39375986,97.34292641,0.002311666,"{""geodesic"":true,""type"":""Point"",""coordinates"":[97.34292640748718,16.393759861760465]}"
1_9991,1,9.327881331,98.38182803,0.002476453,"{""geodesic"":true,""type"":""Point"",""coordinates"":[98.38182803358633,9.327881331453217]}"
1_11037,1,6.970073205,101.6653501,0.003710479,"{""geodesic"":true,""type"":""Point"",""coordinates"":[101.66535006014716,6.970073205221933]}"
1_8372,1,20.69516294,106.3103587,0.004800569,"{""geodesic"":true,""type"":""Point"",""coordinates"":[106.3103587313391,20.695162936715043]}"
1_4993,1,13.41395823,100.8129387,0.005362179,"{""geodesic"":true,""type"":""Point"",""coordinates"":[100.8129386870339,13.41395823280409]}"
1_7286,1,11.54177935,98.31687984,0.005647939,"{""geodesic"":true,""type"":""Point"",""coordinates"":[98.31687983854356,11.54177934916839]}"
1_5974,1,12.69279072,98.66102442,0.006159006,"{""geodesic"":true,""type"":""Point"",""coordinates"":[98.66102442389469,12.692790722712086]}"
1_2655,1,13.75729433,97.73423255,0.006890429,"{""geodesic"":true,""type"":""Point"",""coordinates"":[97.73423254525527,13.757294334394976]}"
1_14990,1,17.59301077,94.49302117,0.008097981,"{""geodesic"":true,""type"":""Point"",""coordinates"":[94.49302116857707,17.59301076606144]}"
1_10134,1,11.56306942,98.36592785,0.008193688,"{""geodesic"":true,""type"":""Point"",""coordinates"":[98.36592785305719,11.563069421402044]}"
1_926,1,10.32069938,98.18132406,0.008618721,"{""geodesic"":true,""type"":""Point"",""coordinates"":[98.18132406216797,10.320699383463282]}"
1_1187,1,10.20239126,99.73873327,0.008978593,"{""geodesic"":true,""type"":""Point"",""coordinates"":[99.73873327026836,10.202391260544605]}"
1_2450,1,14.3116447,97.77735168,0.009620833,"{""geodesic"":true,""type"":""Point"",""coordinates"":[97.77735167889362,14.311644696225786]}"
1_1723,1,8.408096312,100.7668551,0.010211225,"{""geodesic"":true,""type"":""Point"",""coordinates"":[100.76685511295791,8.408096312042158]}"
1_3375,1,11.85331509,102.2334446,0.010516519,"{""geodesic"":true,""type"":""Point"",""coordinates"":[102.2334446458325,11.853315089701407]}"
1_2818,1,26.37934273,96.78237767,0.010764863,"{""geodesic"":true,""type"":""Point"",""coordinates"":[96.78237767018855,26.379342728516427]}"
1_7868,1,19.47489145,93.54628669,0.011835253,"{""geodesic"":true,""type"":""Point"",""coordinates"":[93.54628669062991,19.474891454765647]}"
1_5328,1,10.84675281,97.71752388,0.012026185,"{""geodesic"":true,""type"":""Point"",""coordinates"":[97.7175238809704,10.846752813844294]}"
1_8759,1,15.64348694,97.68275908,0.012705072,"{""geodesic"":true,""type"":""Point"",""coordinates"":[97.68275907947448,15.643486936462958]}"
1_9081,1,20.21330662,92.43165709,0.013064775,"{""geodesic"":true,""type"":""Point"",""coordinates"":[92.4316570860784,20.213306618312764]}"
1_1556,1,18.0640873,95.44676251,0.013712387,"{""geodesic"":true,""type"":""Point"",""coordinates"":[95.44676250574047,18.064087301054272]}"
1_3610,1,9.345398479,104.7540275,0.013837616,"{""geodesic"":true,""type"":""Point"",""coordinates"":[104.75402750157967,9.345398479493571]}"
1_12501,1,9.649927361,98.25516558,0.0142056,"{""geodesic"":true,""type"":""Point"",""coordinates"":[98.25516557852366,9.649927360810448]}"
1_12083,1,19.27708243,93.42717008,0.014602234,"{""geodesic"":true,""type"":""Point"",""coordinates"":[93.42717008395395,19.277082429202295]}"
1_6947,1,13.19701509,109.409816,0.014684744,"{""geodesic"":true,""type"":""Point"",""coordinates"":[109.40981595618119,13.19701509168897]}"
1_9547,1,11.49839072,99.69911757,0.016876953,"{""geodesic"":true,""type"":""Point"",""coordinates"":[99.69911756623812,11.498390720945363]}"
1_9599,1,13.44953152,98.01962731,0.017910867,"{""geodesic"":true,""type"":""Point"",""coordinates"":[98.01962731102414,13.449531518055265]}"
1_4736,1,18.69254867,94.177982,0.01906815,"{""geodesic"":true,""type"":""Point"",""coordinates"":[94.17798199843183,18.69254867382503]}"
1_6407,1,9.7027483,104.6408398,0.019772461,"{""geodesic"":true,""type"":""Point"",""coordinates"":[104.64083977577899,9.702748299516738]}"
1_5127,1,20.82263388,107.7968909,0.022131914,"{""geodesic"":true,""type"":""Point"",""coordinates"":[107.79689086352143,20.82263387553175]}"
1_6971,1,10.05309126,108.8048006,0.022269309,"{""geodesic"":true,""type"":""Point"",""coordinates"":[108.804800612318,10.053091260323765]}"
1_13858,1,16.43634001,96.566782,0.022290331,"{""geodesic"":true,""type"":""Point"",""coordinates"":[96.56678200199677,16.43634000622778]}"
1_13463,1,8.681902811,106.2297799,0.022416808,"{""geodesic"":true,""type"":""Point"",""coordinates"":[106.22977985035241,8.68190281064211]}"
1_14950,1,12.71596726,100.6913966,0.022712428,"{""geodesic"":true,""type"":""Point"",""coordinates"":[100.69139662909079,12.715967257042397]}"
1_14461,1,10.44143296,103.8361289,0.0239618,"{""geodesic"":true,""type"":""Point"",""coordinates"":[103.83612894425316,10.441432957649088]}"
1_9014,1,11.62128025,97.60298868,0.024913364,"{""geodesic"":true,""type"":""Point"",""coordinates"":[97.60298868224352,11.621280251813058]}"
1_7534,1,11.30489361,104.9391703,0.024928206,"{""geodesic"":true,""type"":""Point"",""coordinates"":[104.93917028163936,11.30489360874579]}"
1_4510,1,11.45419361,99.81634771,0.02588011,"{""geodesic"":true,""type"":""Point"",""coordinates"":[99.8163477108174,11.45419360896663]}"
1_6502,1,8.494065085,100.6585183,0.027864289,"{""geodesic"":true,""type"":""Point"",""coordinates"":[100.65851828969154,8.494065084732494]}"
1_6322,1,18.54486564,94.1480681,0.028410057,"{""geodesic"":true,""type"":""Point"",""coordinates"":[94.14806809947022,18.544865641115607]}"
1_7677,1,10.62145534,97.75094121,0.029816072,"{""geodesic"":true,""type"":""Point"",""coordinates"":[97.75094120954013,10.621455340586852]}"
1_5208,1,12.26321635,98.28939139,0.030567938,"{""geodesic"":true,""type"":""Point"",""coordinates"":[98.2893913908491,12.263216353845625]}"
2_9808,2,14.72316293,97.88434103,0.053458226,"{""geodesic"":true,""type"":""Point"",""coordinates"":[97.8843410292338,14.723162927881424]}"
2_4889,2,20.92153839,105.3671277,0.084524723,"{""geodesic"":true,""type"":""Point"",""coordinates"":[105.36712768300005,20.92153838831343]}"
2_11563,2,12.21901924,98.1298506,0.092460686,"{""geodesic"":true,""type"":""Point"",""coordinates"":[98.12985059638719,12.219019241866892]}"
2_11554,2,19.25148044,94.02625655,0.093840774,"{""geodesic"":true,""type"":""Point"",""coordinates"":[94.02625654694187,19.251480443604855]}"
2_783,2,22.8120429,103.5647479,0.0989125,"{""geodesic"":true,""type"":""Point"",""coordinates"":[103.56474789691676,22.812042903745187]}"
2_11820,2,10.2503613,105.6581818,0.10893957,"{""geodesic"":true,""type"":""Point"",""coordinates"":[105.65818183505895,10.250361296716644]}"
2_12807,2,16.66487141,107.1223459,0.117322411,"{""geodesic"":true,""type"":""Point"",""coordinates"":[107.12234591666639,16.664871414508056]}"
2_12251,2,8.658726276,105.0361883,0.13830194,"{""geodesic"":true,""type"":""Point"",""coordinates"":[105.03618833232566,8.6587262763118]}"
2_11272,2,9.102853353,98.31283742,0.150588537,"{""geodesic"":true,""type"":""Point"",""coordinates"":[98.31283741976496,9.102853352781015]}"
2_3000,2,8.949510934,98.38263652,0.157999217,"{""geodesic"":true,""type"":""Point"",""coordinates"":[98.38263651734205,8.949510933781628]}"
2_3535,2,10.81495245,98.53813489,0.159288737,"{""geodesic"":true,""type"":""Point"",""coordinates"":[98.53813489302537,10.814952452786425]}"
2_8519,2,10.52605426,103.7895064,0.184642441,"{""geodesic"":true,""type"":""Point"",""coordinates"":[103.78950638100669,10.526054257413247]}"
2_9978,2,12.28962682,98.59203381,0.22062493,"{""geodesic"":true,""type"":""Point"",""coordinates"":[98.59203381007332,12.28962682319877]}"
2_2987,2,12.64455119,98.70064013,0.242189136,"{""geodesic"":true,""type"":""Point"",""coordinates"":[98.70064012792493,12.644551191954815]}"
2_2272,2,15.98116365,95.50766828,0.259396242,"{""geodesic"":true,""type"":""Point"",""coordinates"":[95.50766828200464,15.981163651763884]}"
2_6637,2,12.07753458,106.7577197,0.259556017,"{""geodesic"":true,""type"":""Point"",""coordinates"":[106.75771974283704,12.077534584617904]}"
2_8040,2,12.38772285,102.2369481,0.26518523,"{""geodesic"":true,""type"":""Point"",""coordinates"":[102.23694807544062,12.387722852224737]}"
2_9208,2,12.37882953,102.3566037,0.321142229,"{""geodesic"":true,""type"":""Point"",""coordinates"":[102.35660367128706,12.378829530911947]}"
2_6457,2,16.30320968,107.6831641,0.321950925,"{""geodesic"":true,""type"":""Point"",""coordinates"":[107.68316414855026,16.30320968112111]}"
2_8825,2,20.26154615,106.5617972,0.331400618,"{""geodesic"":true,""type"":""Point"",""coordinates"":[106.56179717936776,20.261546149070035]}"
2_8555,2,12.36724126,98.57155222,0.35597881,"{""geodesic"":true,""type"":""Point"",""coordinates"":[98.5715522215951,12.367241263746788]}"
2_2941,2,12.83885679,103.8929923,0.36642142,"{""geodesic"":true,""type"":""Point"",""coordinates"":[103.89299230173874,12.838856787910094]}"
2_8813,2,12.71839271,98.68312298,0.399053185,"{""geodesic"":true,""type"":""Point"",""coordinates"":[98.68312297988435,12.718392708309526]}"
2_4716,2,8.486519236,100.0580844,0.44193719,"{""geodesic"":true,""type"":""Point"",""coordinates"":[100.05808435377743,8.486519236345881]}"
2_14747,2,10.11022411,105.8554519,0.453006454,"{""geodesic"":true,""type"":""Point"",""coordinates"":[105.85545187145443,10.110224112393833]}"
2_11196,2,11.79672123,98.7866089,0.459457818,"{""geodesic"":true,""type"":""Point"",""coordinates"":[98.7866089006164,11.796721226801811]}"
2_10656,2,11.58786292,102.5724688,0.459933122,"{""geodesic"":true,""type"":""Point"",""coordinates"":[102.57246883406408,11.587862923243772]}"
2_7438,2,19.2288429,93.98340691,0.509247401,"{""geodesic"":true,""type"":""Point"",""coordinates"":[93.98340690788875,19.228842898445016]}"
2_1394,2,13.68399181,98.38155854,0.553648378,"{""geodesic"":true,""type"":""Point"",""coordinates"":[98.38155853900109,13.683991807210736]}"
2_11626,2,10.47727574,106.8283273,0.556746554,"{""geodesic"":true,""type"":""Point"",""coordinates"":[106.82832732416985,10.477275737485503]}"
2_10492,2,12.19099181,98.12715565,0.575736398,"{""geodesic"":true,""type"":""Point"",""coordinates"":[98.12715565053479,12.19099180500233]}"
2_13092,2,12.27911653,98.67072623,0.583647288,"{""geodesic"":true,""type"":""Point"",""coordinates"":[98.67072622896332,12.279116534374563]}"
2_1427,2,12.70141455,108.5703403,0.618166911,"{""geodesic"":true,""type"":""Point"",""coordinates"":[108.57034032315944,12.701414549439644]}"
2_4042,2,6.459380966,100.1295004,0.624327207,"{""geodesic"":true,""type"":""Point"",""coordinates"":[100.12950041886596,6.4593809661993795]}"
2_8993,2,18.73809326,94.28173741,0.635373509,"{""geodesic"":true,""type"":""Point"",""coordinates"":[94.28173741374913,18.738093258729947]}"
2_1091,2,11.92958206,98.70037063,0.668947383,"{""geodesic"":true,""type"":""Point"",""coordinates"":[98.70037063333969,11.929582057323241]}"
2_7135,2,12.98519235,98.67045673,0.71764515,"{""geodesic"":true,""type"":""Point"",""coordinates"":[98.67045673437808,12.985192347693337]}"
2_13434,2,19.24797701,93.90363651,0.783821484,"{""geodesic"":true,""type"":""Point"",""coordinates"":[93.90363651065779,19.24797701399679]}"
2_4626,2,14.79754343,97.88272406,0.784420345,"{""geodesic"":true,""type"":""Point"",""coordinates"":[97.88272406172236,14.797543433406608]}"
2_1045,2,15.97766022,94.96544518,0.791318119,"{""geodesic"":true,""type"":""Point"",""coordinates"":[94.96544517650231,15.977660222155814]}"
2_13975,2,9.436487649,104.9887573,0.805444102,"{""geodesic"":true,""type"":""Point"",""coordinates"":[104.98875728532347,9.436487649303398]}"
2_14636,2,11.96542484,98.63191901,0.817702518,"{""geodesic"":true,""type"":""Point"",""coordinates"":[98.6319190086888,11.965424837159656]}"
2_2399,2,11.81073495,98.66398886,0.835954735,"{""geodesic"":true,""type"":""Point"",""coordinates"":[98.66398886433232,11.810734945234092]}"
2_3544,2,12.36346834,98.48935637,0.857325906,"{""geodesic"":true,""type"":""Point"",""coordinates"":[98.48935637309698,12.363468339553481]}"
2_1664,2,12.5995456,98.7868784,0.861049976,"{""geodesic"":true,""type"":""Point"",""coordinates"":[98.78687839520164,12.59954559622037]}"
2_9974,2,11.35879253,103.2162914,0.921867557,"{""geodesic"":true,""type"":""Point"",""coordinates"":[103.21629139820179,11.358792525793024]}"
2_8310,2,6.491989811,100.1119833,0.936991169,"{""geodesic"":true,""type"":""Point"",""coordinates"":[100.11198327082538,6.49198981101296]}"
2_13986,2,10.29913982,98.74456775,0.945312193,"{""geodesic"":true,""type"":""Point"",""coordinates"":[98.744567745319,10.299139816644388]}"
2_12398,2,11.90290209,98.52250421,0.948400139,"{""geodesic"":true,""type"":""Point"",""coordinates"":[98.52250420708147,11.902902093384863]}"
2_6896,2,8.647407504,106.5653006,0.966101583,"{""geodesic"":true,""type"":""Point"",""coordinates"":[106.56530060897587,8.64740750373188]}"
3_1066,3,17.81911672,102.8600196,2.30E-05,"{""geodesic"":true,""type"":""Point"",""coordinates"":[102.86001955651487,17.819116723074593]}"
3_1015,3,14.72882231,107.2851206,7.85E-04,"{""geodesic"":true,""type"":""Point"",""coordinates"":[107.28512064615119,14.728822314171383]}"
3_14478,3,6.496840714,100.8363847,0.001496395,"{""geodesic"":true,""type"":""Point"",""coordinates"":[100.83638471594976,6.496840713547211]}"
3_14984,3,21.02394633,101.3616297,0.001506209,"{""geodesic"":true,""type"":""Point"",""coordinates"":[101.36162966258199,21.023946330703176]}"
3_2620,3,8.805331331,99.23693435,0.001680859,"{""geodesic"":true,""type"":""Point"",""coordinates"":[99.23693435255198,8.805331330680279]}"
3_10749,3,19.79181709,100.3122177,0.002029786,"{""geodesic"":true,""type"":""Point"",""coordinates"":[100.3122177476585,19.791817087003388]}"
3_5759,3,20.73397016,104.6367974,0.002609509,"{""geodesic"":true,""type"":""Point"",""coordinates"":[104.63679735700039,20.733970156989052]}"
3_10590,3,20.88407864,101.4090607,0.003025397,"{""geodesic"":true,""type"":""Point"",""coordinates"":[101.40906070958418,20.884078640965598]}"
3_11181,3,21.68178261,102.9764412,0.003299451,"{""geodesic"":true,""type"":""Point"",""coordinates"":[102.97644121733843,21.681782613264673]}"
3_11700,3,20.52349489,98.60982045,0.003606926,"{""geodesic"":true,""type"":""Point"",""coordinates"":[98.60982045269914,20.523494885919597]}"
3_1231,3,21.70657612,99.72283309,0.003861228,"{""geodesic"":true,""type"":""Point"",""coordinates"":[99.72283308973921,21.7065761151064]}"
3_14493,3,17.37067773,101.0856672,0.003973988,"{""geodesic"":true,""type"":""Point"",""coordinates"":[101.08566720729651,17.3706777332416]}"
3_963,3,21.95882305,97.44506486,0.004115065,"{""geodesic"":true,""type"":""Point"",""coordinates"":[97.44506485529304,21.95882304688746]}"
3_14385,3,22.433942,93.65327604,0.004137604,"{""geodesic"":true,""type"":""Point"",""coordinates"":[93.65327604097008,22.43394200065884]}"
3_4824,3,21.08242666,104.056845,0.004229471,"{""geodesic"":true,""type"":""Point"",""coordinates"":[104.0568450095645,21.08242665569942]}"
3_8713,3,26.75555717,96.77213688,0.004484109,"{""geodesic"":true,""type"":""Point"",""coordinates"":[96.77213687594944,26.755557169506126]}"
3_11987,3,15.43462863,99.11323634,0.004524174,"{""geodesic"":true,""type"":""Point"",""coordinates"":[99.11323633792695,15.434628632904923]}"
3_13983,3,19.53606673,100.3960306,0.004889155,"{""geodesic"":true,""type"":""Point"",""coordinates"":[100.39603056366805,19.536066725614255]}"
3_12914,3,21.54730482,96.37975276,0.004889343,"{""geodesic"":true,""type"":""Point"",""coordinates"":[96.3797527598404,21.547304815231826]}"
3_3016,3,24.49476709,96.83870204,0.005190718,"{""geodesic"":true,""type"":""Point"",""coordinates"":[96.83870203850365,24.494767093959858]}"
3_6273,3,15.59659488,107.0997084,0.00534122,"{""geodesic"":true,""type"":""Point"",""coordinates"":[107.09970837150625,15.596594878631864]}"
3_981,3,18.58043893,96.09354951,0.006506042,"{""geodesic"":true,""type"":""Point"",""coordinates"":[96.09354951031581,18.58043892636678]}"
3_5864,3,21.69956926,104.1190983,0.00687996,"{""geodesic"":true,""type"":""Point"",""coordinates"":[104.11909825875487,21.69956925589026]}"
3_2664,3,20.47336889,98.92135619,0.00704437,"{""geodesic"":true,""type"":""Point"",""coordinates"":[98.92135619323626,20.47336889306567]}"
3_1209,3,21.15222575,105.3267035,0.007048893,"{""geodesic"":true,""type"":""Point"",""coordinates"":[105.32670349521409,21.152225753275594]}"
3_13498,3,19.02806943,104.0463347,0.007144763,"{""geodesic"":true,""type"":""Point"",""coordinates"":[104.04633472074015,19.02806943244407]}"
3_14063,3,18.04118026,101.9954809,0.00715279,"{""geodesic"":true,""type"":""Point"",""coordinates"":[101.99548092706583,18.0411802613092]}"
3_2685,3,24.25491691,93.28029553,0.007215515,"{""geodesic"":true,""type"":""Point"",""coordinates"":[93.2802955349983,24.254916913099663]}"
3_3434,3,27.34305537,96.14071106,0.007454937,"{""geodesic"":true,""type"":""Point"",""coordinates"":[96.14071106273276,27.343055365320986]}"
3_2377,3,20.36422359,93.43956683,0.00775021,"{""geodesic"":true,""type"":""Point"",""coordinates"":[93.43956683487498,20.36422358604502]}"
3_8136,3,14.69756094,103.1602365,0.007773647,"{""geodesic"":true,""type"":""Point"",""coordinates"":[103.16023652447193,14.697560942283987]}"
3_11137,3,20.09014759,97.59975475,0.007971853,"{""geodesic"":true,""type"":""Point"",""coordinates"":[97.59975474722064,20.09014759285983]}"
3_4901,3,22.29542178,102.7522217,0.008811537,"{""geodesic"":true,""type"":""Point"",""coordinates"":[102.75222172241898,22.295421783847445]}"
3_7170,3,12.51330733,102.5501008,0.008964808,"{""geodesic"":true,""type"":""Point"",""coordinates"":[102.55010078348919,12.513307328944794]}"
3_3501,3,18.52007214,105.2353448,0.009099724,"{""geodesic"":true,""type"":""Point"",""coordinates"":[105.23534483081782,18.52007213927388]}"
3_683,3,24.41876962,94.9694876,0.009404691,"{""geodesic"":true,""type"":""Point"",""coordinates"":[94.96948759528091,24.418769620923257]}"
3_11375,3,18.42035914,101.9798502,0.009437101,"{""geodesic"":true,""type"":""Point"",""coordinates"":[101.97985024112192,18.420359142736494]}"
3_13722,3,22.12159778,96.34849139,0.009548463,"{""geodesic"":true,""type"":""Point"",""coordinates"":[96.34849138795259,22.12159777637011]}"
3_8340,3,21.42252882,106.4822963,0.009824591,"{""geodesic"":true,""type"":""Point"",""coordinates"":[106.48229627672204,21.422528822267473]}"
3_12812,3,22.21780734,104.9173412,0.009901396,"{""geodesic"":true,""type"":""Point"",""coordinates"":[104.91734122023495,22.217807343299427]}"
3_5672,3,9.379354797,99.0601459,0.009966324,"{""geodesic"":true,""type"":""Point"",""coordinates"":[99.06014590463472,9.37935479723333]}"
3_3311,3,6.519747753,100.1688466,0.01057379,"{""geodesic"":true,""type"":""Point"",""coordinates"":[100.16884662831096,6.5197477532922825]}"
3_121,3,8.101411474,99.51909518,0.010701667,"{""geodesic"":true,""type"":""Point"",""coordinates"":[99.51909518329798,8.101411474043392]}"
3_12345,3,26.44671637,96.26063615,0.010796221,"{""geodesic"":true,""type"":""Point"",""coordinates"":[96.26063615316444,26.44671637482547]}"
3_3620,3,18.74159669,104.9707011,0.010932162,"{""geodesic"":true,""type"":""Point"",""coordinates"":[104.97070114811241,18.741596688338014]}"
3_12808,3,16.39456835,102.7619235,0.011004299,"{""geodesic"":true,""type"":""Point"",""coordinates"":[102.76192352748761,16.394568345516177]}"
3_13159,3,27.88312251,96.96698146,0.011184593,"{""geodesic"":true,""type"":""Point"",""coordinates"":[96.96698146107776,27.88312251413428]}"
3_9015,3,16.85809903,106.2437936,0.011281979,"{""geodesic"":true,""type"":""Point"",""coordinates"":[106.24379356878488,16.858099032122396]}"
3_9016,3,27.64677576,97.05106377,0.011736011,"{""geodesic"":true,""type"":""Point"",""coordinates"":[97.05106377167256,27.64677576288215]}"
3_11974,3,21.55161673,97.29172244,0.011822357,"{""geodesic"":true,""type"":""Point"",""coordinates"":[97.29172243629164,21.551616728595604]}"
4_1395,4,16.68777845,101.3082697,3.24E-05,"{""geodesic"":true,""type"":""Point"",""coordinates"":[101.30826973470452,16.687778454253134]}"
4_6899,4,14.78703314,103.4631484,8.71E-04,"{""geodesic"":true,""type"":""Point"",""coordinates"":[103.46314843828138,14.787033144582397]}"
4_4017,4,13.24983603,101.0166766,8.74E-04,"{""geodesic"":true,""type"":""Point"",""coordinates"":[101.01667659347514,13.24983603039526]}"
4_8953,4,10.05363025,105.2563654,0.001311747,"{""geodesic"":true,""type"":""Point"",""coordinates"":[105.25636540846652,10.053630249494237]}"
4_2316,4,16.03479307,105.1151502,0.002862424,"{""geodesic"":true,""type"":""Point"",""coordinates"":[105.1151502458009,16.03479307422588]}"
4_10891,4,15.341653,104.6346414,0.003389469,"{""geodesic"":true,""type"":""Point"",""coordinates"":[104.63464140031847,15.341653000998443]}"
4_986,4,11.18685498,108.3040797,0.003497228,"{""geodesic"":true,""type"":""Point"",""coordinates"":[108.30407967294259,11.186854980412345]}"
4_2726,4,14.48304325,101.7914735,0.003674346,"{""geodesic"":true,""type"":""Point"",""coordinates"":[101.79147352603935,14.483043252435992]}"
4_817,4,16.80959001,100.575514,0.003949262,"{""geodesic"":true,""type"":""Point"",""coordinates"":[100.5755139574377,16.809590006779885]}"
4_5958,4,21.4882855,93.67402712,0.004700143,"{""geodesic"":true,""type"":""Point"",""coordinates"":[93.67402712403354,21.4882855010651]}"
4_13535,4,16.3323151,99.79640511,0.005256922,"{""geodesic"":true,""type"":""Point"",""coordinates"":[99.79640511150966,16.332315096326617]}"
4_1342,4,17.40382557,97.3033107,0.006048306,"{""geodesic"":true,""type"":""Point"",""coordinates"":[97.30331070345694,17.403825567225645]}"
4_11151,4,16.96104596,94.54287767,0.006585471,"{""geodesic"":true,""type"":""Point"",""coordinates"":[94.54287766684642,16.961045963682615]}"
4_1690,4,21.84752178,94.3668977,0.007018416,"{""geodesic"":true,""type"":""Point"",""coordinates"":[94.36689770268488,21.847521783184924]}"
4_8425,4,23.00850446,104.4926178,0.008291762,"{""geodesic"":true,""type"":""Point"",""coordinates"":[104.49261775389714,23.00850445638236]}"
4_12153,4,20.44399398,97.5172894,0.008378847,"{""geodesic"":true,""type"":""Point"",""coordinates"":[97.51728940413729,20.44399398327493]}"
4_588,4,19.96321564,94.08446738,0.009075911,"{""geodesic"":true,""type"":""Point"",""coordinates"":[94.08446737735365,19.963215643213594]}"
4_4632,4,7.154138007,100.4113918,0.009410947,"{""geodesic"":true,""type"":""Point"",""coordinates"":[100.41139175502671,7.154138006938236]}"
4_11,4,9.402531332,104.8612863,0.012837004,"{""geodesic"":true,""type"":""Point"",""coordinates"":[104.86128634650508,9.40253133156364]}"
4_9807,4,15.99248242,95.43409626,0.014308519,"{""geodesic"":true,""type"":""Point"",""coordinates"":[95.4340962602342,15.992482424343804]}"
4_10886,4,20.99969182,106.8388376,0.014833542,"{""geodesic"":true,""type"":""Point"",""coordinates"":[106.8388376129942,20.99969181803192]}"
4_8051,4,13.49345914,105.0410392,0.015008881,"{""geodesic"":true,""type"":""Point"",""coordinates"":[105.04103923485998,13.493459135448761]}"
4_8571,4,21.44085445,103.308728,0.015290448,"{""geodesic"":true,""type"":""Point"",""coordinates"":[103.30872804093902,21.440854454063533]}"
4_12825,4,15.22011094,104.2225842,0.015587341,"{""geodesic"":true,""type"":""Point"",""coordinates"":[104.22258417948693,15.220110943056929]}"
4_14294,4,18.89925102,95.41334518,0.015683331,"{""geodesic"":true,""type"":""Point"",""coordinates"":[95.41334517717074,18.89925102070118]}"
4_11288,4,21.98981492,95.77824085,0.016308299,"{""geodesic"":true,""type"":""Point"",""coordinates"":[95.77824084558533,21.989814924189623]}"
4_7909,4,13.07116112,101.2163721,0.0202613,"{""geodesic"":true,""type"":""Point"",""coordinates"":[101.21637208113778,13.071161120383676]}"
4_7157,4,22.65034615,93.31802478,0.02213068,"{""geodesic"":true,""type"":""Point"",""coordinates"":[93.31802477693186,22.650346152603483]}"
4_6867,4,22.88804038,97.263695,0.022284406,"{""geodesic"":true,""type"":""Point"",""coordinates"":[97.2636949994267,22.888040376781788]}"
4_826,4,6.523520677,100.9587353,0.023208258,"{""geodesic"":true,""type"":""Point"",""coordinates"":[100.9587352576486,6.523520677485589]}"
4_6883,4,12.90596094,102.5069816,0.024871318,"{""geodesic"":true,""type"":""Point"",""coordinates"":[102.50698164985083,12.905960939633902]}"
4_615,4,12.43973531,104.2298605,0.02548101,"{""geodesic"":true,""type"":""Point"",""coordinates"":[104.2298605332884,12.439735307175322]}"
4_4701,4,22.67540915,106.8932755,0.026266149,"{""geodesic"":true,""type"":""Point"",""coordinates"":[106.89327551921262,22.67540914903045]}"
4_14580,4,15.49149199,106.721338,0.027613724,"{""geodesic"":true,""type"":""Point"",""coordinates"":[106.72133797382968,15.491491990389756]}"
4_929,4,21.22148586,94.44397315,0.029050058,"{""geodesic"":true,""type"":""Point"",""coordinates"":[94.44397315406344,21.221485861681288]}"
4_8821,4,19.12859091,94.7002625,0.034179554,"{""geodesic"":true,""type"":""Point"",""coordinates"":[94.70026250462642,19.12859091273716]}"
4_10257,4,16.75973351,107.343062,0.034306756,"{""geodesic"":true,""type"":""Point"",""coordinates"":[107.34306198197773,16.75973350851119]}"
4_9773,4,14.17608892,99.36952569,0.034887696,"{""geodesic"":true,""type"":""Point"",""coordinates"":[99.36952568848993,14.17608891985199]}"
4_11455,4,16.89906221,94.7105033,0.037967344,"{""geodesic"":true,""type"":""Point"",""coordinates"":[94.71050329886553,16.899062209078295]}"
4_8094,4,14.78137376,104.4996246,0.038139196,"{""geodesic"":true,""type"":""Point"",""coordinates"":[104.49962461311337,14.781373758292437]}"
4_2012,4,16.38998694,107.7874586,0.039203904,"{""geodesic"":true,""type"":""Point"",""coordinates"":[107.78745855303804,16.38998693756716]}"
4_2860,4,14.85144235,98.66937876,0.039897101,"{""geodesic"":true,""type"":""Point"",""coordinates"":[98.66937875603712,14.851442350453842]}"
4_8218,4,22.24017539,105.1588084,0.040479322,"{""geodesic"":true,""type"":""Point"",""coordinates"":[105.15880836860974,22.240175393874026]}"
4_4768,4,16.23448856,101.2982984,0.04075501,"{""geodesic"":true,""type"":""Point"",""coordinates"":[101.29829843505065,16.23448856188589]}"
4_4894,4,20.56553604,96.87993471,0.041762221,"{""geodesic"":true,""type"":""Point"",""coordinates"":[96.87993471004533,20.56553604121644]}"
4_11232,4,22.64738171,94.91855312,0.042474364,"{""geodesic"":true,""type"":""Point"",""coordinates"":[94.9185531186706,22.64738171216589]}"
4_2993,4,12.1017891,107.938645,0.043375327,"{""geodesic"":true,""type"":""Point"",""coordinates"":[107.93864501535752,12.10178909728916]}"
4_14511,4,20.97867124,107.8076706,0.044250314,"{""geodesic"":true,""type"":""Point"",""coordinates"":[107.80767064693102,20.9786712403835]}"
4_7188,4,20.19551998,93.73412442,0.045002775,"{""geodesic"":true,""type"":""Point"",""coordinates"":[93.734124416542,20.195519975687176]}"
4_532,4,20.45073135,102.9664699,0.045145735,"{""geodesic"":true,""type"":""Point"",""coordinates"":[102.96646991768456,20.45073134790583]}"
5_8959,5,24.28779525,98.8216432,0.004065648,"{""geodesic"":true,""type"":""Point"",""coordinates"":[98.82164319669756,24.287795252498476]}"
5_1695,5,16.96508838,96.12346341,0.006227544,"{""geodesic"":true,""type"":""Point"",""coordinates"":[96.12346340927742,16.965088382461154]}"
5_9106,5,13.04609812,108.9977587,0.006306006,"{""geodesic"":true,""type"":""Point"",""coordinates"":[108.99775873534965,13.046098123956712]}"
5_13950,5,13.81766112,101.4122946,0.006620224,"{""geodesic"":true,""type"":""Point"",""coordinates"":[101.41229464460706,13.817661121487879]}"
5_7179,5,13.78451329,105.1461421,0.007708819,"{""geodesic"":true,""type"":""Point"",""coordinates"":[105.14614212310347,13.78451328750383]}"
5_5195,5,17.29656672,101.7747649,0.009136192,"{""geodesic"":true,""type"":""Point"",""coordinates"":[101.77476486175449,17.296566722301648]}"
5_10739,5,15.85396221,107.9364891,0.011209573,"{""geodesic"":true,""type"":""Point"",""coordinates"":[107.9364890586756,15.85396220753241]}"
5_10951,5,21.32308532,105.9527394,0.012454268,"{""geodesic"":true,""type"":""Point"",""coordinates"":[105.95273941672598,21.32308532031533]}"
5_13054,5,21.34114146,105.1256605,0.014295186,"{""geodesic"":true,""type"":""Point"",""coordinates"":[105.12566053462525,21.34114145752615]}"
5_10289,5,20.30170084,96.02348092,0.016198721,"{""geodesic"":true,""type"":""Point"",""coordinates"":[96.02348091815348,20.30170084227023]}"
5_13764,5,13.94405408,101.7537443,0.020390114,"{""geodesic"":true,""type"":""Point"",""coordinates"":[101.75374428410579,13.944054081963644]}"
5_8152,5,16.9144234,102.9503002,0.02086621,"{""geodesic"":true,""type"":""Point"",""coordinates"":[102.95030024257018,16.914423400436753]}"
5_1276,5,14.21516563,100.1036289,0.022772067,"{""geodesic"":true,""type"":""Point"",""coordinates"":[100.10362893868295,14.215165634711235]}"
5_1459,5,21.61144453,94.26017785,0.025200784,"{""geodesic"":true,""type"":""Point"",""coordinates"":[94.26017784692995,21.611444526518035]}"
5_200,5,13.8985095,99.27897551,0.026332621,"{""geodesic"":true,""type"":""Point"",""coordinates"":[99.27897550784938,13.89850949705873]}"
5_6020,5,13.56783964,100.9272044,0.027080383,"{""geodesic"":true,""type"":""Point"",""coordinates"":[100.92720439117555,13.567839640973945]}"
5_7540,5,20.14296853,105.6899822,0.027725003,"{""geodesic"":true,""type"":""Point"",""coordinates"":[105.68998219611724,20.14296853156612]}"
5_1357,5,19.77753387,105.772178,0.028196369,"{""geodesic"":true,""type"":""Point"",""coordinates"":[105.77217804461536,19.777533873985867]}"
5_7935,5,12.46210336,106.1370737,0.030709114,"{""geodesic"":true,""type"":""Point"",""coordinates"":[106.13707371302995,12.462103357749921]}"
5_2936,5,19.25525337,95.32171702,0.032361475,"{""geodesic"":true,""type"":""Point"",""coordinates"":[95.32171701818923,19.25525336779816]}"
5_6380,5,11.03863296,107.3015598,0.035134115,"{""geodesic"":true,""type"":""Point"",""coordinates"":[107.30155981585081,11.03863295853245]}"
5_6002,5,13.26250228,108.2334721,0.037234192,"{""geodesic"":true,""type"":""Point"",""coordinates"":[108.23347209160978,13.26250227590136]}"
5_8301,5,9.203913822,105.1267385,0.038853358,"{""geodesic"":true,""type"":""Point"",""coordinates"":[105.12673851296621,9.203913822244576]}"
5_11041,5,14.78568567,101.9087037,0.039076366,"{""geodesic"":true,""type"":""Point"",""coordinates"":[101.90870367061864,14.785685671656216]}"
5_6063,5,14.73582917,100.2033419,0.039139168,"{""geodesic"":true,""type"":""Point"",""coordinates"":[100.20334193522164,14.735829173387524]}"
5_1514,5,9.095307504,98.54325529,0.045371297,"{""geodesic"":true,""type"":""Point"",""coordinates"":[98.54325529014493,9.095307504394402]}"
5_654,5,17.0038956,94.87624247,0.047485467,"{""geodesic"":true,""type"":""Point"",""coordinates"":[94.87624246878796,17.003895602735163]}"
5_14249,5,17.29494975,94.92178705,0.04829093,"{""geodesic"":true,""type"":""Point"",""coordinates"":[94.92178705369348,17.29494975479023]}"
5_11568,5,14.05724181,99.91498273,0.050234885,"{""geodesic"":true,""type"":""Point"",""coordinates"":[99.91498272901514,14.057241807762837]}"
5_1579,5,28.0184088,97.22273182,0.051501699,"{""geodesic"":true,""type"":""Point"",""coordinates"":[97.22273182247027,28.018408795922838]}"
5_6626,5,20.89863135,105.9640582,0.051693696,"{""geodesic"":true,""type"":""Point"",""coordinates"":[105.96405818930604,20.89863134856835]}"
5_4231,5,20.31490608,95.28829969,0.05213391,"{""geodesic"":true,""type"":""Point"",""coordinates"":[95.2882996896195,20.314906076946798]}"
5_13919,5,21.22202485,98.30421359,0.052975809,"{""geodesic"":true,""type"":""Point"",""coordinates"":[98.30421359303729,21.22202485085176]}"
5_4106,5,20.41030716,106.0923376,0.054285156,"{""geodesic"":true,""type"":""Point"",""coordinates"":[106.09233761188015,20.410307160120404]}"
5_1929,5,15.98763152,104.2702847,0.054360957,"{""geodesic"":true,""type"":""Point"",""coordinates"":[104.27028472107436,15.987631521809552]}"
5_13283,5,14.44989542,104.0832555,0.054723188,"{""geodesic"":true,""type"":""Point"",""coordinates"":[104.08325547891799,14.449895418451943]}"
5_4463,5,10.60690263,104.1899753,0.055748335,"{""geodesic"":true,""type"":""Point"",""coordinates"":[104.18997533467292,10.606902632984099]}"
5_5173,5,21.07164687,107.24281,0.05610491,"{""geodesic"":true,""type"":""Point"",""coordinates"":[107.24280999626855,21.071646872289975]}"
5_5098,5,14.18498224,100.1882502,0.056253085,"{""geodesic"":true,""type"":""Point"",""coordinates"":[100.18825023844822,14.184982241164784]}"
5_3798,5,16.24203441,95.02311702,0.058142157,"{""geodesic"":true,""type"":""Point"",""coordinates"":[95.02311701774362,16.242034410272502]}"
5_4001,5,13.12155661,100.0292484,0.058766149,"{""geodesic"":true,""type"":""Point"",""coordinates"":[100.02924843315678,13.121556607822841]}"
5_9451,5,21.72463225,95.48718669,0.060377078,"{""geodesic"":true,""type"":""Point"",""coordinates"":[95.48718669352643,21.724632252317228]}"
5_11807,5,21.35434669,106.097997,0.061028901,"{""geodesic"":true,""type"":""Point"",""coordinates"":[106.09799699817019,21.354346692202725]}"
5_6744,5,13.05903386,99.6975006,0.062648196,"{""geodesic"":true,""type"":""Point"",""coordinates"":[99.69750059872668,13.059033864048049]}"
5_8108,5,21.78095662,94.53236738,0.065101378,"{""geodesic"":true,""type"":""Point"",""coordinates"":[94.53236737802207,21.780956620631585]}"
5_9057,5,15.66369903,100.448582,0.065521579,"{""geodesic"":true,""type"":""Point"",""coordinates"":[100.4485820077898,15.663699030355671]}"
5_2967,5,20.93366564,94.66037731,0.067578551,"{""geodesic"":true,""type"":""Point"",""coordinates"":[94.66037730601094,20.933665644649054]}"
5_1614,5,16.80581708,104.8111604,0.074899587,"{""geodesic"":true,""type"":""Point"",""coordinates"":[104.8111603536505,16.80581708258658]}"
5_2194,5,21.19777034,99.06364933,0.076369538,"{""geodesic"":true,""type"":""Point"",""coordinates"":[99.06364933424284,21.197770338180504]}"
5_11906,5,16.63953892,101.8062957,0.077840144,"{""geodesic"":true,""type"":""Point"",""coordinates"":[101.80629572822754,16.639538923495856]}"
6_146,6,21.68878947,95.11070276,5.14E-04,"{""geodesic"":true,""type"":""Point"",""coordinates"":[95.11070275794653,21.688789472480813]}"
6_14380,6,17.62400264,95.49796648,6.89E-04,"{""geodesic"":true,""type"":""Point"",""coordinates"":[95.49796647693601,17.624002643363603]}"
6_6803,6,21.23415211,92.30580311,8.58E-04,"{""geodesic"":true,""type"":""Point"",""coordinates"":[92.30580311477145,21.23415210718739]}"
6_12979,6,14.88243423,102.4102331,9.70E-04,"{""geodesic"":true,""type"":""Point"",""coordinates"":[102.41023309374977,14.882434227756002]}"
6_11980,6,17.55878495,103.8857159,0.001878324,"{""geodesic"":true,""type"":""Point"",""coordinates"":[103.88571594793727,17.55878495373645]}"
6_3255,6,10.32177736,104.9879488,0.001880816,"{""geodesic"":true,""type"":""Point"",""coordinates"":[104.98794880156775,10.321777361804227]}"
6_1601,6,21.463492,94.57225258,0.001945751,"{""geodesic"":true,""type"":""Point"",""coordinates"":[94.57225257663755,21.463491999223372]}"
6_9101,6,13.19027773,106.0947631,0.002582904,"{""geodesic"":true,""type"":""Point"",""coordinates"":[106.09476306314731,13.190277727058065]}"
6_13731,6,12.40712646,103.4677298,0.002601306,"{""geodesic"":true,""type"":""Point"",""coordinates"":[103.46772984623045,12.407126462361742]}"
6_382,6,7.581286925,99.29514518,0.003182037,"{""geodesic"":true,""type"":""Point"",""coordinates"":[99.29514518296376,7.581286924537576]}"
6_5257,6,16.88208405,102.9241593,0.003315877,"{""geodesic"":true,""type"":""Point"",""coordinates"":[102.92415926780193,16.882084050208412]}"
6_6745,6,18.86125228,96.33878958,0.003430235,"{""geodesic"":true,""type"":""Point"",""coordinates"":[96.33878958288396,18.861252284182875]}"
6_8900,6,23.02063171,95.47452045,0.004278705,"{""geodesic"":true,""type"":""Point"",""coordinates"":[95.47452044802016,23.020631712717986]}"
6_12418,6,11.98455895,104.4163508,0.004529576,"{""geodesic"":true,""type"":""Point"",""coordinates"":[104.4163507862743,11.98455895271142]}"
6_4503,6,20.18393171,95.62974933,0.004887607,"{""geodesic"":true,""type"":""Point"",""coordinates"":[95.62974932911824,20.183931708522017]}"
6_8869,6,18.33519885,105.5827234,0.005206074,"{""geodesic"":true,""type"":""Point"",""coordinates"":[105.58272335119183,18.335198853801863]}"
6_446,6,9.657203715,106.2551123,0.005440561,"{""geodesic"":true,""type"":""Point"",""coordinates"":[106.25511234136495,9.657203714611821]}"
6_11135,6,13.10996834,101.1740614,0.005549625,"{""geodesic"":true,""type"":""Point"",""coordinates"":[101.17406143125514,13.109968340657685]}"
6_12689,6,16.49077791,95.70386034,0.005782024,"{""geodesic"":true,""type"":""Point"",""coordinates"":[95.70386034005917,16.490777912445488]}"
6_2527,6,17.2876734,102.2129631,0.006129141,"{""geodesic"":true,""type"":""Point"",""coordinates"":[102.21296305735429,17.287673400988858]}"
6_7791,6,12.9477326,106.2642752,0.006645852,"{""geodesic"":true,""type"":""Point"",""coordinates"":[106.2642751572631,12.947732600345509]}"
6_12589,6,12.41062989,105.9096203,0.006711974,"{""geodesic"":true,""type"":""Point"",""coordinates"":[105.90962028308762,12.410629891969815]}"
6_4889,6,10.97988314,105.7651712,0.006865544,"{""geodesic"":true,""type"":""Point"",""coordinates"":[105.76517118539913,10.979883138950964]}"
6_12873,6,11.25395913,104.2109959,0.008343563,"{""geodesic"":true,""type"":""Point"",""coordinates"":[104.21099591232162,11.253959132136156]}"
6_3416,6,17.42457665,102.2267073,0.008447615,"{""geodesic"":true,""type"":""Point"",""coordinates"":[102.22670728120151,17.424576650288834]}"
6_9470,6,16.77239975,101.4537968,0.008674625,"{""geodesic"":true,""type"":""Point"",""coordinates"":[101.45379681073398,16.772399754017293]}"
6_8956,6,17.18634344,100.8840853,0.009191024,"{""geodesic"":true,""type"":""Point"",""coordinates"":[100.8840852575372,17.186343436940057]}"
6_3174,6,13.99552755,107.3489909,0.009676948,"{""geodesic"":true,""type"":""Point"",""coordinates"":[107.348990862853,13.995527547743754]}"
6_4621,6,17.32728911,102.83846,0.009724918,"{""geodesic"":true,""type"":""Point"",""coordinates"":[102.83845998969569,17.327289105018572]}"
6_5042,6,25.2609402,97.42700872,0.010341393,"{""geodesic"":true,""type"":""Point"",""coordinates"":[97.42700871808198,25.260940199786305]}"
6_6572,6,15.8690539,105.1900697,0.011284379,"{""geodesic"":true,""type"":""Point"",""coordinates"":[105.19006974049755,15.869053904305636]}"
6_8468,6,16.99554127,100.5687766,0.011494135,"{""geodesic"":true,""type"":""Point"",""coordinates"":[100.56877659280671,16.995541270592845]}"
6_8507,6,13.56379722,104.58209,0.011684319,"{""geodesic"":true,""type"":""Point"",""coordinates"":[104.58208995619673,13.563797222195403]}"
6_1623,6,13.33742177,102.737669,0.011932714,"{""geodesic"":true,""type"":""Point"",""coordinates"":[102.73766901481603,13.337421770597016]}"
6_11186,6,13.38646979,106.5674566,0.012002473,"{""geodesic"":true,""type"":""Point"",""coordinates"":[106.56745656565779,13.38646978511]}"
6_10680,6,16.85890752,99.36763923,0.012738203,"{""geodesic"":true,""type"":""Point"",""coordinates"":[99.36763922639325,16.8589075158781]}"
6_5926,6,12.88143693,101.3344107,0.01276251,"{""geodesic"":true,""type"":""Point"",""coordinates"":[101.33441070947278,12.88143693237741]}"
6_4403,6,15.50658369,100.7981165,0.01288495,"{""geodesic"":true,""type"":""Point"",""coordinates"":[100.79811648484572,15.506583687162982]}"
6_7323,6,14.47738387,103.7800741,0.013009185,"{""geodesic"":true,""type"":""Point"",""coordinates"":[103.7800740705233,14.477383866146033]}"
6_1333,6,17.30923297,103.4803961,0.013598818,"{""geodesic"":true,""type"":""Point"",""coordinates"":[103.48039609173672,17.309232967807752]}"
6_8089,6,16.22505625,104.0509161,0.013697838,"{""geodesic"":true,""type"":""Point"",""coordinates"":[104.05091612868922,16.22505625140262]}"
6_11951,6,15.56721997,101.0145206,0.013814695,"{""geodesic"":true,""type"":""Point"",""coordinates"":[101.01452063679322,15.56721996884112]}"
6_5358,6,14.81506058,100.2831123,0.014074601,"{""geodesic"":true,""type"":""Point"",""coordinates"":[100.2831123324526,14.815060581446959]}"
6_3853,6,13.47351654,104.0422923,0.014167866,"{""geodesic"":true,""type"":""Point"",""coordinates"":[104.04229230196155,13.473516536141284]}"
6_5580,6,18.36457376,100.4442701,0.014751596,"{""geodesic"":true,""type"":""Point"",""coordinates"":[100.44427009442596,18.36457376359261]}"
6_10105,6,16.35387466,103.4456313,0.014845088,"{""geodesic"":true,""type"":""Point"",""coordinates"":[103.4456312902408,16.35387466314551]}"
6_2242,6,18.0244716,106.2683176,0.014845779,"{""geodesic"":true,""type"":""Point"",""coordinates"":[106.2683175760417,18.024471597024558]}"
6_1286,6,17.72910553,103.3432233,0.015281172,"{""geodesic"":true,""type"":""Point"",""coordinates"":[103.3432233478497,17.72910553160571]}"
6_2319,6,22.90016763,95.5863607,0.015875385,"{""geodesic"":true,""type"":""Point"",""coordinates"":[95.58636070089464,22.90016763311742]}"
6_6329,6,13.01375877,104.5993376,0.015967158,"{""geodesic"":true,""type"":""Point"",""coordinates"":[104.59933760965207,13.013758773728371]}"
7_1203,7,20.78301817,98.05870403,0.005676721,"{""geodesic"":true,""type"":""Point"",""coordinates"":[98.0587040258839,20.783018171502036]}"
7_772,7,17.93311293,99.86431775,0.007866707,"{""geodesic"":true,""type"":""Point"",""coordinates"":[99.86431774699007,17.93311293262949]}"
7_9642,7,25.51830753,96.33043525,0.010365543,"{""geodesic"":true,""type"":""Point"",""coordinates"":[96.33043525074153,25.518307528686847]}"
7_9700,7,17.54773568,98.73378796,0.026490645,"{""geodesic"":true,""type"":""Point"",""coordinates"":[98.73378796190941,17.547735675741762]}"
7_2410,7,20.93474362,98.08376702,0.04068305,"{""geodesic"":true,""type"":""Point"",""coordinates"":[98.08376702231119,20.93474362299]}"
7_3820,7,15.21606852,101.0872842,0.046216033,"{""geodesic"":true,""type"":""Point"",""coordinates"":[101.08728417480795,15.216068524278386]}"
7_6699,7,13.83302231,105.3331714,0.04818995,"{""geodesic"":true,""type"":""Point"",""coordinates"":[105.33317136525984,13.83302231284634]}"
7_9763,7,12.92913747,106.9593017,0.059525228,"{""geodesic"":true,""type"":""Point"",""coordinates"":[106.95930169259636,12.929137473964213]}"
7_5503,7,18.30393748,97.9506367,0.064900327,"{""geodesic"":true,""type"":""Point"",""coordinates"":[97.95063669720277,18.303937481914467]}"
7_2943,7,17.22029975,98.20342262,0.082408655,"{""geodesic"":true,""type"":""Point"",""coordinates"":[98.20342261815763,17.220299754679814]}"
7_2694,7,19.83924813,101.3877706,0.084574334,"{""geodesic"":true,""type"":""Point"",""coordinates"":[101.38777063735024,19.839248134004954]}"
7_2638,7,18.08429939,98.76612731,0.089569047,"{""geodesic"":true,""type"":""Point"",""coordinates"":[98.76612731213818,18.08429939494699]}"
7_2293,7,18.32388008,99.90393345,0.091662933,"{""geodesic"":true,""type"":""Point"",""coordinates"":[99.90393345102031,18.323880081221944]}"
7_646,7,24.23739977,95.88334373,0.108770145,"{""geodesic"":true,""type"":""Point"",""coordinates"":[95.88334373382882,24.237399765059315]}"
7_4603,7,18.30744091,102.5592636,0.111252865,"{""geodesic"":true,""type"":""Point"",""coordinates"":[102.55926359938734,18.30744091152254]}"
7_3441,7,21.75643261,96.47515384,0.111638753,"{""geodesic"":true,""type"":""Point"",""coordinates"":[96.47515384301526,21.756432613375097]}"
7_3721,7,23.3545355,96.27923128,0.113779458,"{""geodesic"":true,""type"":""Point"",""coordinates"":[96.27923127954598,23.35453550382561]}"
7_8496,7,21.88120861,103.0149789,0.131128819,"{""geodesic"":true,""type"":""Point"",""coordinates"":[103.01497894302771,21.88120860633944]}"
7_6345,7,17.80618098,95.93050529,0.132859103,"{""geodesic"":true,""type"":""Point"",""coordinates"":[95.93050528624578,17.806180982983257]}"
7_6722,7,19.45845229,97.67575222,0.135509725,"{""geodesic"":true,""type"":""Point"",""coordinates"":[97.67575222025825,19.458452285066237]}"
7_13786,7,11.93092953,98.8712302,0.13587162,"{""geodesic"":true,""type"":""Point"",""coordinates"":[98.87123020038167,11.930929530249426]}"
7_1520,7,16.59291636,101.0635687,0.143627557,"{""geodesic"":true,""type"":""Point"",""coordinates"":[101.06356865130685,16.59291636025]}"
7_4383,7,26.76660645,95.73700817,0.147862987,"{""geodesic"":true,""type"":""Point"",""coordinates"":[95.73700817404365,26.766606447500806]}"
7_4437,7,23.22194417,105.5390652,0.155960069,"{""geodesic"":true,""type"":""Point"",""coordinates"":[105.539065228383,23.22194416788941]}"
7_1298,7,22.74116583,94.31353777,0.165068875,"{""geodesic"":true,""type"":""Point"",""coordinates"":[94.31353777480741,22.741165827828077]}"
7_1096,7,13.66728314,106.7380466,0.17426569,"{""geodesic"":true,""type"":""Point"",""coordinates"":[106.73804663811454,13.667283142926093]}"
7_12702,7,24.75536836,94.50029752,0.179601707,"{""geodesic"":true,""type"":""Point"",""coordinates"":[94.50029752237855,24.755368357883242]}"
7_1112,7,22.90421005,93.31829427,0.193848078,"{""geodesic"":true,""type"":""Point"",""coordinates"":[93.3182942715171,22.90421005189596]}"
7_2628,7,21.60120373,98.16677135,0.22794862,"{""geodesic"":true,""type"":""Point"",""coordinates"":[98.16677135456503,21.60120373227906]}"
7_1068,7,17.65176059,104.3772741,0.238793629,"{""geodesic"":true,""type"":""Point"",""coordinates"":[104.37727407141453,17.651760585642926]}"
7_2557,7,16.61016401,99.05260006,0.243879336,"{""geodesic"":true,""type"":""Point"",""coordinates"":[99.05260005624801,16.610164013705116]}"
7_8774,7,19.77968983,101.5842322,0.260696926,"{""geodesic"":true,""type"":""Point"",""coordinates"":[101.58423218999,19.779689830667756]}"
7_11774,7,28.1375254,98.06382442,0.270240477,"{""geodesic"":true,""type"":""Point"",""coordinates"":[98.06382442300345,28.137525402597227]}"
7_13138,7,20.13919561,100.4396887,0.270910471,"{""geodesic"":true,""type"":""Point"",""coordinates"":[100.43968868647688,20.139195607372812]}"
7_3274,7,21.21016709,98.59499825,0.271675861,"{""geodesic"":true,""type"":""Point"",""coordinates"":[98.59499825051095,21.21016708910137]}"
7_12119,7,21.66615193,103.0015042,0.276164931,"{""geodesic"":true,""type"":""Point"",""coordinates"":[103.00150421376573,21.666151927320975]}"
7_7213,7,13.88153134,104.3969472,0.292955107,"{""geodesic"":true,""type"":""Point"",""coordinates"":[104.39694717613703,13.881531338188852]}"
7_10668,7,24.1110068,95.01018128,0.307593928,"{""geodesic"":true,""type"":""Point"",""coordinates"":[95.01018127765211,24.111006804583546]}"
7_6126,7,21.21690445,103.0637575,0.309026821,"{""geodesic"":true,""type"":""Point"",""coordinates"":[103.0637574629561,21.216904453732276]}"
7_3781,7,18.38074344,97.64799428,0.314295829,"{""geodesic"":true,""type"":""Point"",""coordinates"":[97.64799427797855,18.38074343870678]}"
7_13987,7,20.83556962,96.41317009,0.315263668,"{""geodesic"":true,""type"":""Point"",""coordinates"":[96.41317008841013,20.835569615623086]}"
7_11005,7,26.4256958,98.74618471,0.324366048,"{""geodesic"":true,""type"":""Point"",""coordinates"":[98.74618471283044,26.42569579717705]}"
7_6511,7,18.51333477,100.5380542,0.33160636,"{""geodesic"":true,""type"":""Point"",""coordinates"":[100.53805421008938,18.513334774642978]}"
7_14563,7,17.21679633,98.35622605,0.333966329,"{""geodesic"":true,""type"":""Point"",""coordinates"":[98.35622604798856,17.21679632507174]}"
7_8501,7,19.7610947,98.81221089,0.342545626,"{""geodesic"":true,""type"":""Point"",""coordinates"":[98.81221088621417,19.761094704286464]}"
7_13355,7,26.564755,95.02069157,0.349331625,"{""geodesic"":true,""type"":""Point"",""coordinates"":[95.02069156647646,26.564755003158915]}"
7_5737,7,24.9275754,97.05295023,0.353220698,"{""geodesic"":true,""type"":""Point"",""coordinates"":[97.05295023376924,24.927575397849154]}"
7_1367,7,18.56885066,100.5865632,0.354112513,"{""geodesic"":true,""type"":""Point"",""coordinates"":[100.58656323543254,18.56885065920163]}"
7_10654,7,13.62631997,106.2949975,0.370981914,"{""geodesic"":true,""type"":""Point"",""coordinates"":[106.29499753998043,13.626319965970195]}"
7_14158,7,21.08377413,100.0807219,0.376161075,"{""geodesic"":true,""type"":""Point"",""coordinates"":[100.08072189893757,21.083774128625606]}"
8_13665,8,21.03715157,104.0261226,5.85E-04,"{""geodesic"":true,""type"":""Point"",""coordinates"":[104.02612262684717,21.037151565379745]}"
8_2942,8,16.12022286,107.143097,0.00141991,"{""geodesic"":true,""type"":""Point"",""coordinates"":[107.14309699972985,16.120222857745752]}"
8_8816,8,17.52698459,100.6442351,0.00178604,"{""geodesic"":true,""type"":""Point"",""coordinates"":[100.64423507667384,17.52698459267858]}"
8_13497,8,21.62006835,103.7687553,0.002204064,"{""geodesic"":true,""type"":""Point"",""coordinates"":[103.76875529794323,21.620068353245593]}"
8_7737,8,19.73576221,98.14709825,0.002531343,"{""geodesic"":true,""type"":""Point"",""coordinates"":[98.14709824984253,19.735762213274263]}"
8_13846,8,18.62867846,101.944277,0.002773136,"{""geodesic"":true,""type"":""Point"",""coordinates"":[101.94427695587028,18.62867845712406]}"
8_13675,8,12.75127105,109.0565086,0.002927949,"{""geodesic"":true,""type"":""Point"",""coordinates"":[109.05650855493191,12.751271047708338]}"
8_12435,8,14.52831834,98.45054915,0.004554098,"{""geodesic"":true,""type"":""Point"",""coordinates"":[98.45054915282246,14.52831834275567]}"
8_9087,8,22.01811186,102.8492398,0.005095479,"{""geodesic"":true,""type"":""Point"",""coordinates"":[102.84923977310528,22.018111855639418]}"
8_8090,8,16.15768261,99.19785764,0.005460624,"{""geodesic"":true,""type"":""Point"",""coordinates"":[99.19785763769222,16.157682605093576]}"
8_14054,8,6.149462193,101.0848587,0.005469364,"{""geodesic"":true,""type"":""Point"",""coordinates"":[101.08485872354079,6.149462193177779]}"
8_1316,8,18.62382755,101.3392616,0.005474145,"{""geodesic"":true,""type"":""Point"",""coordinates"":[101.33926161200709,18.62382755458981]}"
8_12250,8,22.45469308,102.9829091,0.005503344,"{""geodesic"":true,""type"":""Point"",""coordinates"":[102.98290908738419,22.45469308372202]}"
8_2029,8,14.10036094,108.9425123,0.005865814,"{""geodesic"":true,""type"":""Point"",""coordinates"":[108.9425123453755,14.100360941400625]}"
8_10171,8,23.15133659,105.6080558,0.006222755,"{""geodesic"":true,""type"":""Point"",""coordinates"":[105.60805584220437,23.151336586557534]}"
8_14941,8,15.17052394,107.8812427,0.00640458,"{""geodesic"":true,""type"":""Point"",""coordinates"":[107.88124266870146,15.170523939373473]}"
8_10353,8,20.71591402,103.8730497,0.006408745,"{""geodesic"":true,""type"":""Point"",""coordinates"":[103.873049702431,20.715914019778225]}"
8_14723,8,19.10757034,99.33044897,0.006416026,"{""geodesic"":true,""type"":""Point"",""coordinates"":[99.33044897363017,19.107570335088738]}"
8_6119,8,11.41754235,108.0534497,0.006691873,"{""geodesic"":true,""type"":""Point"",""coordinates"":[108.05344970866965,11.41754234537451]}"
8_8485,8,24.20128749,98.64189031,0.006836436,"{""geodesic"":true,""type"":""Point"",""coordinates"":[98.64189030834267,24.201287490637668]}"
8_13036,8,12.50387502,99.25067858,0.00704055,"{""geodesic"":true,""type"":""Point"",""coordinates"":[99.25067857639921,12.503875018461532]}"
8_163,8,17.89565319,105.9740295,0.007211023,"{""geodesic"":true,""type"":""Point"",""coordinates"":[105.97402948895991,17.895653185281667]}"
8_10922,8,7.412852809,99.2048645,0.007267382,"{""geodesic"":true,""type"":""Point"",""coordinates"":[99.20486449690846,7.412852808764963]}"
8_4769,8,23.37313063,93.81146936,0.007293617,"{""geodesic"":true,""type"":""Point"",""coordinates"":[93.8114693625058,23.3731306302069]}"
8_12587,8,14.19953495,107.3953439,0.008509286,"{""geodesic"":true,""type"":""Point"",""coordinates"":[107.39534393151423,14.199534948767537]}"
8_11063,8,12.59685065,99.11539229,0.00886851,"{""geodesic"":true,""type"":""Point"",""coordinates"":[99.11539229460887,12.596850650368008]}"
8_548,8,5.98938241,100.8689936,0.00922948,"{""geodesic"":true,""type"":""Point"",""coordinates"":[100.86899356076377,5.989382409547492]}"
8_4205,8,18.7610003,96.05797623,0.009381547,"{""geodesic"":true,""type"":""Point"",""coordinates"":[96.05797622506417,18.761000298475018]}"
8_2120,8,19.37922088,94.20169752,0.010632572,"{""geodesic"":true,""type"":""Point"",""coordinates"":[94.20169752193293,19.3792208770068]}"
8_5415,8,24.8081893,95.8550468,0.010831419,"{""geodesic"":true,""type"":""Point"",""coordinates"":[95.85504680237865,24.808189296589532]}"
8_10715,8,11.49866022,103.4609925,0.01125776,"{""geodesic"":true,""type"":""Point"",""coordinates"":[103.46099248159946,11.498660215530602]}"
8_12176,8,17.92368062,102.3816667,0.012434668,"{""geodesic"":true,""type"":""Point"",""coordinates"":[102.38166666771436,17.92368062214623]}"
8_3066,8,21.25139976,102.7179959,0.012526671,"{""geodesic"":true,""type"":""Point"",""coordinates"":[102.71799591009353,21.251399760642506]}"
8_3028,8,20.50705572,102.2199699,0.012530217,"{""geodesic"":true,""type"":""Point"",""coordinates"":[102.21996991657052,20.507055716220194]}"
8_4138,8,22.83737539,105.1512625,0.0127086,"{""geodesic"":true,""type"":""Point"",""coordinates"":[105.15126252022303,22.837375394757387]}"
8_5617,8,19.58026384,100.8627952,0.012842196,"{""geodesic"":true,""type"":""Point"",""coordinates"":[100.86279518530326,19.580263837592987]}"
8_874,8,22.01353045,98.49366829,0.012842203,"{""geodesic"":true,""type"":""Point"",""coordinates"":[98.49366828646082,22.013530447690407]}"
8_8287,8,26.29984183,96.44200601,0.013378547,"{""geodesic"":true,""type"":""Point"",""coordinates"":[96.44200600903078,26.299841825871752]}"
8_12907,8,5.915001904,101.7001149,0.013409492,"{""geodesic"":true,""type"":""Point"",""coordinates"":[101.70011486164309,5.915001904022308]}"
8_11789,8,17.69461022,106.3189826,0.013991482,"{""geodesic"":true,""type"":""Point"",""coordinates"":[106.31898255806676,17.69461022469548]}"
8_9497,8,22.42235373,94.51916214,0.014156677,"{""geodesic"":true,""type"":""Point"",""coordinates"":[94.51916214334533,22.42235373349368]}"
8_9477,8,17.86897322,106.1133582,0.014714783,"{""geodesic"":true,""type"":""Point"",""coordinates"":[106.11335818952885,17.868973221343282]}"
8_6501,8,18.45647142,97.62832117,0.014782361,"{""geodesic"":true,""type"":""Point"",""coordinates"":[97.62832117325605,18.45647141715814]}"
8_7273,8,12.57340462,109.3863699,0.015239656,"{""geodesic"":true,""type"":""Point"",""coordinates"":[109.38636992726533,12.573404621452465]}"
8_6803,8,14.52131148,107.6915185,0.015496303,"{""geodesic"":true,""type"":""Point"",""coordinates"":[107.6915184806927,14.52131148353953]}"
8_12843,8,19.78804416,103.8320865,0.016293431,"{""geodesic"":true,""type"":""Point"",""coordinates"":[103.83208652547457,19.78804416281008]}"
8_262,8,25.93225121,96.08950709,0.01785352,"{""geodesic"":true,""type"":""Point"",""coordinates"":[96.08950709153721,25.93225121160961]}"
8_8818,8,18.70575391,96.84166648,0.018174443,"{""geodesic"":true,""type"":""Point"",""coordinates"":[96.84166647894129,18.705753908501606]}"
8_13523,8,19.21779362,102.1749643,0.018483937,"{""geodesic"":true,""type"":""Point"",""coordinates"":[102.17496432083549,19.217793620450337]}"
8_14719,8,19.12832142,103.4426668,0.018959798,"{""geodesic"":true,""type"":""Point"",""coordinates"":[103.44266684980316,19.128321418151927]}"
9_9701,8,23.57174814,93.83114247,0.16612757,"{""geodesic"":true,""type"":""Point"",""coordinates"":[93.8311424672283,23.571748139525965]}"
9_12036,8,10.19403693,98.02582569,0.511003276,"{""geodesic"":true,""type"":""Point"",""coordinates"":[98.02582568648465,10.19403692840228]}"
9_10472,8,27.0078041,96.93733706,0.984564405,"{""geodesic"":true,""type"":""Point"",""coordinates"":[96.9373370567014,27.007804101287185]}"
